activity_daily_movement,activity_high,activity_inactive,activity_score,activity_score_meet_daily_targets,activity_score_move_every_hour,activity_steps,activity_total
3353,0,714,87,78,100,4212,207
2516,0,719,83,60,100,3306,140
1716,0,708,73,43,95,2550,131
2791,0,705,70,43,100,4009,208
5393,0,437,70,43,100,8081,517
6860,0,377,67,43,100,9204,561
2433,0,679,61,43,100,3730,203
2365,1,644,61,43,95,3281,197
7288,0,467,71,60,100,8050,399
6368,1,438,81,78,100,8466,521
2950,0,401,82,78,100,4397,267
2138,0,635,72,60,100,3287,209
934,0,647,67,43,100,1582,101
776,0,634,65,43,100,1373,89
1947,0,678,63,43,100,2753,185
2767,0,699,53,25,100,4490,272
5611,2,685,49,1,100,6427,309
3362,0,727,49,1,100,4427,226
7154,0,533,63,25,100,8368,300
5810,0,503,71,43,78,8133,471
6410,1,627,76,60,100,8594,517
6306,0,411,86,78,100,8570,413
7621,0,502,92,95,100,8970,482
5880,0,512,93,100,100,7623,435
2216,0,483,93,100,100,3308,202
3408,0,652,82,95,95,4337,218
2391,0,605,72,60,100,3821,239
1770,0,717,60,43,100,2763,160
5160,0,580,56,25,78,6712,307
3894,0,659,52,1,95,5370,265
2862,0,663,52,1,100,3874,197
3058,0,668,52,1,95,3484,209
3908,2,659,53,1,100,4863,276
2815,0,738,50,1,100,4094,247
2326,0,535,53,1,100,5189,442
4769,0,487,53,1,100,6218,330
5291,0,572,59,25,100,6015,320
9894,0,464,63,25,100,11548,556
10402,1,380,72,43,100,13134,665
6059,0,536,75,60,95,8857,543
3254,0,594,70,60,100,5896,410
6521,0,463,84,78,100,7626,418
2724,0,637,80,78,95,4356,268
3635,0,577,79,78,95,5640,343
5457,0,608,75,78,100,8266,467
3046,0,724,63,60,100,4279,270
4142,0,639,62,43,100,5481,270
1867,0,643,62,43,100,2778,156
4207,0,585,59,25,95,4240,214
2011,0,675,58,25,100,3130,202
1794,1,755,56,25,95,2707,170
2046,0,677,50,1,100,2875,159
1982,0,749,48,1,100,2804,163
1348,0,625,49,1,95,2441,130
2208,0,805,45,1,95,2815,159
2655,0,569,50,1,100,3949,244
2168,0,764,47,1,100,3310,206
2159,0,734,46,1,95,2723,161
2555,0,620,50,1,100,2749,157
2926,0,687,49,1,100,3744,182
3721,1,570,52,1,100,4742,258
1856,0,759,48,1,95,2557,150
3985,1,682,50,1,95,4663,225
2716,1,176,51,1,100,3272,171
13424,3,533,95,95,95,14536,392
9470,0,463,97,95,100,11024,463
14531,1,497,95,95,100,15306,488
6119,0,486,80,60,95,7260,352
7364,0,451,77,60,100,8425,383
5853,0,507,72,43,100,7007,337
10292,1,486,88,78,100,9239,313
5605,0,546,80,60,100,6946,332
10908,4,538,92,95,100,10634,372
12059,2,416,98,100,100,11783,434
7853,0,582,94,100,95,8166,381
7116,1,656,90,100,60,8169,345
8791,1,680,93,100,100,9968,384
12590,2,504,96,100,100,13902,456
11308,9,527,96,100,100,12416,355
12494,2,500,93,100,100,12879,411
7689,0,527,89,100,100,8366,326
10820,7,640,94,100,100,10747,343
8909,0,553,96,100,100,9748,356
11204,3,479,97,100,100,11475,397
8667,0,691,90,100,78,9229,344
9506,5,597,94,100,95,9973,357
6325,1,583,95,100,100,7457,279
11326,2,630,95,100,100,11897,351
8128,2,695,93,100,95,8896,292
6254,0,553,94,95,95,7280,302
9000,4,609,95,100,95,9695,341
6505,1,649,93,95,100,7239,266
7041,3,623,89,78,100,8020,275
4545,2,619,83,60,95,5039,225
9229,3,607,80,60,95,10104,355
10000,1,480,87,78,95,10944,387
9343,1,523,86,78,95,10140,355
18549,23,353,83,60,100,17371,539
9448,1,522,85,78,78,10086,380
5021,0,588,88,78,95,5987,251
6603,1,670,85,78,100,7981,325
7217,0,553,82,60,100,8433,338
8438,0,617,78,60,78,9452,314
5873,0,488,73,43,100,7177,297
5718,1,557,72,43,100,6804,262
11212,3,530,75,43,95,12882,327
5434,0,506,76,43,100,5961,226
7960,0,544,74,43,95,8854,332
5725,0,595,69,25,95,6718,245
8193,0,501,76,43,100,9835,302
9795,0,406,81,43,100,11378,324
6616,0,496,81,43,100,7362,291
13599,2,501,82,43,100,14096,435
11131,2,547,86,60,100,12090,394
12088,4,533,91,78,100,12720,411
13279,1,503,92,95,100,13579,377
4941,0,658,86,95,95,5363,185
9399,1,602,94,95,100,10187,346
9708,3,641,93,100,100,10874,351
5547,0,616,92,95,100,6752,261
385,0,19,88,78,100,473,14
6296,0,744,85,78,95,7559,260
1318,0,859,64,60,60,1906,122
5379,0,465,73,60,100,6375,171
4264,0,755,68,60,100,5434,223
3145,0,648,65,43,100,3541,112
6400,0,584,71,60,100,7748,267
2118,0,753,66,60,95,3057,186
5523,0,605,68,60,95,7327,218
673,0,703,61,43,95,1219,78
5701,0,556,66,43,100,7355,178
4884,0,774,68,43,100,5841,220
2933,0,652,63,25,95,3872,166
4787,0,714,55,1,95,5949,132
5520,0,783,65,25,95,7164,196
5689,0,607,64,25,100,7223,187
2824,0,69,72,25,100,3064,83
3962,0,668,65,25,100,5419,226
2768,0,748,62,25,95,4002,202
4563,0,350,63,25,95,5677,141
5090,1,679,52,1,95,6855,200
1185,0,586,62,43,95,2355,171
6126,0,601,62,43,100,6851,224
4832,0,713,65,60,95,6332,153
4062,0,609,69,78,95,4538,121
4099,0,784,80,100,95,5488,171
6199,0,670,64,43,100,7803,208
3100,0,587,61,25,100,4504,121
3679,0,540,71,43,100,5175,171
4225,0,701,64,25,100,5590,152
1579,0,741,67,25,95,2198,114
4631,0,669,67,25,78,6579,161
5738,0,613,73,43,100,7659,166
743,0,649,73,43,100,1633,104
5307,0,750,66,25,100,7022,139
4378,0,668,63,25,78,5785,155
4151,0,654,67,25,78,4694,132
5221,0,575,69,25,100,6593,167
1794,0,664,64,25,100,2427,124
1362,0,727,62,25,100,2022,104
5464,0,751,59,25,100,6991,162
418,0,758,59,25,95,951,58
4939,0,598,75,43,100,6183,209
14342,11,451,97,95,100,14752,389
5442,2,462,93,78,100,6258,296
9037,3,417,93,78,100,9557,333
3563,0,467,92,78,100,4624,239
7758,4,481,87,60,100,7933,295
4868,1,647,76,43,100,5393,224
8753,4,468,82,43,100,8907,290
5195,5,570,81,43,100,5927,238
4194,6,525,82,43,100,5030,240
7354,5,516,77,25,100,7927,289
7289,5,492,78,25,95,7409,249
6266,4,400,80,25,100,6588,238
7561,2,417,80,25,100,8032,274
8341,11,550,71,1,100,8550,285
10089,4,457,84,43,100,10364,311
3278,0,556,81,43,95,3710,170
6697,2,469,83,43,100,8429,246
2923,4,523,82,43,95,3763,179
4281,5,535,82,43,100,4766,192
7950,3,381,83,43,100,7942,269
3793,3,442,79,25,100,4425,201
11092,6,385,80,25,100,10959,289
2900,2,473,78,25,100,3367,157
8721,5,486,78,25,100,9155,303
6597,14,567,77,25,100,7219,287
9142,6,502,83,43,100,9275,304
4486,2,423,81,43,100,4950,218
5261,6,510,82,43,100,6213,249
10137,3,524,82,43,100,10363,352
8694,3,439,83,43,95,8715,296
9079,5,514,86,60,100,8928,308
7825,6,324,85,60,100,7837,234
3503,6,574,76,43,100,4102,164
8845,4,400,89,60,100,8454,257
3760,3,371,89,60,100,4943,255
9120,6,432,86,60,95,9706,312
9140,5,433,93,78,100,9539,326
8016,4,296,93,78,100,8105,283
8924,5,426,94,95,100,9133,305
7231,4,461,90,95,100,7246,227
8626,10,486,92,78,100,10156,280
6425,3,454,87,60,95,7932,210
7797,5,450,83,43,100,7639,255
8973,3,440,84,43,100,8920,273
9754,5,404,88,60,100,9895,283
7295,6,562,84,60,100,8518,232
4853,3,374,83,60,100,6134,297
8252,4,363,88,60,100,8431,287
7815,6,436,88,60,100,8163,273
8068,1,408,87,60,100,7880,238
7722,3,508,83,60,100,7975,250
3317,2,495,76,43,100,3879,175
9290,3,408,89,60,100,9698,319
2494,2,478,88,60,100,3320,170
6875,4,529,82,43,100,7295,240
3926,6,579,80,43,95,4797,202
5613,3,466,83,43,100,6735,227
7394,3,380,79,25,100,8208,258
6540,2,417,80,25,100,7683,225
8684,20,494,78,25,100,9728,233
3158,2,415,78,25,100,3846,191
9489,3,389,85,43,100,9318,259
11115,7,504,96,95,100,13538,398
8677,4,504,95,95,100,10662,275
11462,8,518,94,95,100,14611,396
11332,3,499,93,100,100,14299,402
13264,11,539,90,100,100,15780,436
11588,5,529,93,100,100,15080,422
11895,5,568,89,100,100,15183,366
8164,6,635,86,100,100,10507,320
6465,2,587,93,100,78,8225,221
9099,3,476,97,100,100,12150,342
8287,2,625,95,100,100,11233,345
7531,2,579,95,100,95,10605,293
7759,4,699,93,100,100,10749,298
8096,1,510,97,100,100,11070,316
7426,2,629,93,95,95,10520,307
2373,2,580,94,95,100,3608,152
8160,3,632,93,95,100,11272,332
8341,2,592,91,95,78,11584,344
8399,8,574,94,95,100,11164,319
7586,2,711,91,95,95,10476,325
3529,2,563,90,78,100,5216,191
8695,3,511,95,95,100,11765,307
5927,0,588,93,95,95,8040,193
8251,2,582,94,95,100,11249,305
7980,3,723,91,95,100,10661,276
7323,2,574,89,78,95,10207,269
7961,1,824,84,78,78,11002,316
7535,5,584,95,95,100,10365,301
6770,1,683,88,78,100,9664,275
6389,3,595,89,78,95,8272,224
8912,1,596,90,78,100,12394,380
7275,3,631,89,78,100,10256,295
5286,1,499,92,78,100,7703,182
2979,1,725,82,60,100,4642,196
7975,4,623,80,43,95,10759,284
7644,6,653,79,43,95,10187,250
6963,1,653,84,60,100,8973,280
7206,0,716,82,60,95,10407,299
7315,3,680,83,60,100,10214,279
7569,4,714,87,78,100,10012,270
7016,2,693,91,95,100,10065,284
7863,4,615,94,100,95,10335,277
3119,0,793,91,100,100,5030,174
6214,5,672,93,100,95,8450,209
8592,4,675,93,100,100,11450,330
8185,1,639,95,100,100,11025,323
4276,4,632,92,95,100,6257,251
8821,2,660,92,95,95,11782,339
7305,0,615,93,95,95,10467,276
7372,0,597,95,100,100,10139,294
6119,4,494,97,100,100,8144,198
7454,4,710,90,100,78,9815,271
7811,3,521,97,100,95,10403,250
8229,5,617,94,100,100,10898,308
7634,1,609,92,100,100,10038,266
8221,3,567,90,100,100,10927,296
7816,2,591,86,100,95,10678,311
1411,0,689,81,100,95,2321,104
8848,2,648,93,100,100,11903,336
7053,0,739,92,100,100,9907,289
8089,4,536,96,100,100,11147,323
3151,1,770,90,95,100,4772,191
8428,5,562,95,95,100,11615,286
6071,2,501,96,95,100,8396,210
7690,0,613,93,95,100,9931,297
6468,2,631,93,95,100,8629,253
903,2,159,82,78,100,1296,44
7070,0,432,93,78,100,9279,338
6841,0,463,92,78,100,9116,309
5976,0,471,87,60,100,8016,238
4516,0,491,85,60,95,6323,221
7781,2,488,82,43,100,9908,299
3400,0,504,73,25,100,4500,194
5085,1,406,86,60,95,7960,362
8372,17,574,73,25,95,12764,348
7581,6,444,83,43,100,11013,335
8152,0,559,69,43,100,10378,292
4830,0,590,75,60,95,6541,241
8764,0,471,89,78,100,11526,310
10037,1,407,97,95,100,13202,502
4314,0,598,93,100,100,6055,260
4924,1,555,95,100,95,6355,244
5327,2,573,95,100,100,7179,263
6627,3,492,97,100,100,8196,293
4677,0,514,95,100,95,6640,273
6063,2,591,94,100,95,7305,282
7117,0,414,98,100,100,9307,303
5239,0,536,95,100,95,7225,307
11077,1,469,97,100,100,13906,403
6853,0,515,97,100,100,9222,335
6093,0,501,97,100,100,8330,281
6030,0,544,96,100,100,8305,415
7196,1,484,97,100,100,9232,344
5900,1,474,97,100,100,7470,327
5455,0,553,95,100,95,6566,271
6358,0,572,93,95,100,8598,286
7724,0,510,94,95,95,10212,360
8798,0,425,98,100,100,11374,463
10147,0,343,99,100,100,12997,544
7887,0,566,95,100,100,10459,340
5147,1,491,94,100,100,6611,306
5743,1,478,97,100,95,7279,354
6836,1,544,95,100,95,8907,312
5000,0,454,98,100,100,6358,224
5015,1,638,93,100,95,6590,287
7360,0,413,95,100,100,10039,494
7428,0,406,92,100,100,9314,302
4664,0,506,93,100,100,6602,242
5713,0,501,94,100,100,7205,303
5618,0,418,91,100,100,7519,299
4204,0,548,90,100,100,5889,206
6259,0,413,94,100,100,8636,244
4517,1,516,93,95,100,6076,208
6342,0,494,94,95,100,8546,221
7321,0,386,93,95,100,10058,270
4058,0,570,83,78,95,5846,193
6139,3,527,90,78,95,7776,243
6592,0,529,95,95,100,8674,267
6456,0,534,94,95,100,9227,245
8164,1,493,72,100,100,10385,272
4412,0,538,79,95,100,6177,223
5120,0,494,79,95,95,7205,189
5839,0,526,80,95,100,7741,245
7804,0,542,94,95,100,10030,274
8522,0,631,92,95,95,11396,264
949,0,531,90,78,100,1850,104
1714,0,94,86,60,100,2324,59
15100,13,548,95,95,100,14899,490
16082,15,435,97,95,100,16304,521
15527,7,431,93,95,78,15482,526
8410,5,552,93,100,100,9879,440
14429,5,402,93,100,100,15224,536
12503,5,489,97,100,95,12423,483
15436,14,416,98,100,100,16219,542
16848,12,426,95,100,100,17447,582
11083,4,616,90,100,100,11243,387
15052,8,510,88,100,100,15233,581
12019,11,330,88,100,100,12907,463
15318,7,463,75,100,100,16380,544
16530,12,357,75,100,100,16322,562
17302,4,355,75,100,100,18418,649
12032,8,431,74,100,100,12048,415
13545,7,473,73,100,100,13389,475
14019,10,493,72,100,100,14050,487
14028,10,350,75,100,100,13930,515
17837,15,439,74,100,100,17872,569
18432,12,429,74,100,100,18783,605
15351,16,437,74,100,100,15722,535
15509,10,464,73,100,100,15931,554
14807,10,400,74,100,100,14754,490
17156,9,401,74,100,100,16423,557
11381,7,683,69,100,100,11626,414
15914,15,349,75,100,100,15288,488
15598,14,472,73,100,100,15705,489
16019,16,332,75,100,100,16372,518
19243,21,309,75,100,100,19091,626
14572,7,386,74,100,95,14873,509
14627,8,400,74,100,100,15097,540
16034,14,435,74,100,100,15831,592
17386,16,401,74,100,100,17272,486
18522,17,382,74,100,100,18699,621
11390,8,378,74,100,100,10674,362
19615,16,408,74,100,100,19849,589
19009,13,403,74,100,100,18821,584
14816,10,380,74,100,100,14489,509
15896,16,405,74,100,100,15546,554
16933,19,457,73,100,100,16211,526
16142,14,437,74,100,100,16422,552
14307,7,374,74,100,100,14665,474
18897,19,355,75,100,100,19446,640
16508,9,362,75,100,100,16426,576
13767,7,363,75,100,100,13382,467
16125,14,418,74,100,100,15845,532
13180,7,478,82,100,100,13641,544
16837,9,388,74,100,100,17295,631
12938,7,362,75,100,100,13654,500
15547,9,455,73,100,100,16149,608
13219,7,441,73,100,100,12765,504
13574,8,362,75,100,100,13771,499
15336,8,413,74,100,100,15091,535
16991,13,395,74,100,100,16435,606
12632,9,381,74,100,100,12426,450
14645,12,403,74,100,100,14143,527
15273,8,461,73,100,100,15796,562
13972,8,307,75,100,100,13742,504
16000,16,372,74,100,100,15623,548
15882,11,422,74,100,100,15134,535
13425,13,310,75,100,100,12810,417
15449,12,388,74,100,100,14538,506
16302,10,324,75,100,100,15711,535
13844,9,374,74,100,100,14300,483
15638,12,429,74,100,100,15296,539
15809,12,376,74,100,100,15833,585
12085,4,388,84,100,100,13067,460
10990,9,466,82,100,95,10670,449
16752,10,381,74,100,100,16892,612
14335,10,396,74,100,100,14483,534
14695,9,404,74,100,100,14605,593
14039,9,399,74,100,100,13855,548
14230,10,417,74,100,100,13979,537
9967,8,409,84,100,100,10442,440
12149,5,400,74,100,100,12062,456
12604,4,387,84,100,100,12510,489
11909,2,396,84,100,100,11454,393
14513,7,382,74,100,100,14512,511
15502,5,349,75,100,100,16115,582
14322,13,390,74,100,100,14554,562
10147,3,422,83,100,100,10446,440
10249,6,434,84,100,100,10717,499
9755,4,439,83,100,100,10217,376
13202,6,431,83,100,100,14227,588
12482,2,438,83,100,100,12592,495
13010,7,336,84,100,100,13630,555
12310,11,408,74,100,100,12426,468
15384,0,281,75,100,100,16448,658
16083,4,353,75,100,100,16719,629
8966,6,565,95,95,100,8785,329
4729,1,396,75,43,100,5654,268
11121,0,475,96,95,100,14192,529
6799,0,516,91,78,100,8829,315
13329,1,296,91,78,100,16362,615
5354,0,347,87,78,100,6811,263
14295,1,409,81,78,100,17416,711
16951,0,356,83,78,95,19498,577
10891,0,266,88,95,100,12907,449
13462,0,310,88,95,100,14486,562
10621,1,360,88,100,100,13652,510
5654,0,446,85,100,100,6951,210
11384,0,351,87,100,100,14840,580
7222,0,290,87,100,100,9131,333
13466,0,301,82,100,100,16365,558
3447,0,255,81,100,100,4633,179
7914,0,514,76,95,100,10332,438
28752,82,344,90,95,78,28067,594
9084,0,339,92,95,100,11755,417
19100,15,401,95,95,95,21159,567
9436,0,289,95,95,100,11942,399
4723,0,304,90,78,100,5934,194
10026,0,443,93,95,100,13141,461
16072,29,405,98,100,95,17728,414
10244,0,410,96,100,100,13192,414
4471,0,475,92,95,95,6127,231
15009,0,359,91,95,100,17857,520
4225,0,232,86,78,100,4886,175
10266,0,335,87,95,100,12699,476
3198,0,192,80,78,100,4191,164
10013,0,226,76,78,100,12777,404
5113,0,245,71,60,100,6082,177
5085,0,247,71,60,100,6559,247
16064,6,307,83,78,100,18172,521
13530,1,374,88,78,100,16120,421
26654,42,376,93,78,95,28585,563
11712,0,401,97,95,100,13760,491
11044,1,330,98,95,100,12743,467
11670,2,598,92,100,78,13226,412
6761,0,260,95,95,100,8040,265
17305,2,405,95,100,95,19729,617
4178,0,471,84,95,95,4953,182
15249,0,446,81,95,95,17803,582
12258,1,470,81,95,95,14186,427
17440,4,364,85,95,100,19571,620
7938,0,182,86,95,100,9859,347
18231,0,395,87,100,100,20889,663
6742,1,282,87,100,100,8083,277
13808,0,350,86,100,100,16275,541
7537,0,339,85,100,100,8491,312
19715,0,249,86,100,100,22006,659
6238,2,279,85,100,100,7773,281
14389,0,357,85,100,100,17711,623
8120,1,489,81,100,78,9076,251
15826,0,260,87,100,100,18646,577
6531,0,251,85,100,100,7455,229
16449,1,394,86,100,100,18696,622
8338,1,268,86,100,100,9288,348
16562,1,385,86,100,95,19304,666
8379,0,260,85,100,100,9371,344
16868,1,371,85,100,100,19584,676
7807,0,289,84,100,100,9189,327
19967,2,323,93,100,100,22531,559
4920,0,60,90,95,100,5702,167
8904,0,494,93,95,100,11802,354
6441,1,534,89,95,100,8572,371
10243,0,648,92,95,95,13135,339
9728,0,538,96,100,100,12990,279
7506,0,490,97,100,100,10197,370
3915,0,538,95,95,100,5318,242
6882,1,506,97,100,100,8820,302
11708,1,588,96,100,100,15376,436
9366,0,557,96,100,95,12107,331
7647,0,562,95,100,100,8940,338
8910,0,573,95,95,100,10701,430
7464,1,579,96,100,100,8833,364
5040,0,691,90,95,100,6597,292
6926,1,565,93,95,100,8491,370
4208,0,584,94,95,100,4900,206
7754,1,535,91,95,100,9260,368
5556,2,522,94,95,100,7055,292
5504,0,244,97,95,100,6899,291
6631,0,621,90,95,100,8280,297
8162,1,551,93,95,100,10755,359
4521,2,449,96,95,100,5930,264
7350,0,507,96,100,100,9323,314
10113,0,533,96,100,100,12758,431
7915,2,566,94,100,95,10345,356
10285,3,607,92,100,100,13312,344
6845,0,541,93,100,100,8932,310
4226,0,596,95,100,100,5662,262
8891,1,507,96,100,100,11177,322
4591,0,475,97,100,100,5768,269
7624,0,583,94,100,100,9797,426
8482,4,593,94,100,100,9261,351
12237,0,578,95,100,100,15615,405
12492,0,435,97,100,100,15597,409
10325,2,635,91,100,95,13006,394
8865,1,664,88,100,100,11167,381
7824,1,526,87,100,100,9648,352
7146,0,611,70,43,100,9050,362
9940,0,522,83,60,100,12921,410
4901,1,628,86,78,100,6289,276
9555,2,626,90,95,100,10946,410
9751,1,541,95,100,100,11594,461
11228,1,365,98,100,100,14113,414
2559,0,287,92,100,95,3309,102
4782,0,452,97,95,100,6852,288
2506,0,390,93,78,100,3893,184
3384,0,480,78,60,100,4942,232
4925,3,509,69,43,100,6803,336
5365,2,349,69,43,100,7448,251
4273,7,363,81,60,100,6731,304
6954,22,390,87,60,100,9330,289
4148,17,314,88,60,100,5773,183
6217,21,482,91,78,100,8217,276
5452,0,386,93,95,100,7890,344
7000,0,380,97,95,100,9701,355
5399,1,335,88,95,100,7714,242
4662,0,488,84,95,100,6962,210
5786,1,384,97,95,100,8333,223
5554,0,570,85,78,100,8151,314
5185,1,481,88,78,100,7482,304
4552,0,332,89,78,100,6305,203
6664,0,420,81,60,100,9351,326
8519,1,461,96,95,100,11733,308
4767,1,509,94,95,100,7397,268
6652,1,444,98,100,100,9622,325
6430,0,469,90,95,100,9480,453
6866,2,449,94,95,100,9519,360
3173,1,492,94,95,100,5055,264
5871,0,450,94,95,100,8273,332
2159,0,290,89,95,100,3558,193
10718,1,428,97,95,100,14996,400
7698,4,432,97,95,100,10600,347
10589,1,270,98,95,100,13896,396
9218,2,322,95,95,100,12888,413
9776,3,342,92,95,100,13252,396
6637,1,342,90,100,100,9225,413
5988,2,441,97,100,100,8028,286
10913,1,397,98,100,100,14493,411
3762,0,361,98,100,100,5290,282
5791,1,411,99,100,100,8038,289
7295,0,379,99,100,100,10383,344
5803,0,429,98,100,100,8480,330
4765,4,407,97,95,100,6129,316
7894,2,506,91,78,100,10953,346
6508,0,472,81,60,100,8954,333
6227,1,271,80,60,100,8528,329
3477,0,418,75,60,100,4941,238
7138,1,465,91,78,100,9998,349
8372,3,373,92,78,100,11200,415
7666,0,295,92,78,100,10472,346
9237,0,329,89,78,100,12663,368
4354,1,422,86,78,100,6299,257
6935,1,419,97,95,100,10001,357
2749,0,452,96,95,100,4816,259
7903,1,434,96,95,100,10819,378
11491,1,443,97,95,100,15475,585
7726,1,453,95,95,100,10443,397
8328,1,537,92,95,100,11639,488
4667,1,394,91,95,100,6834,359
5522,1,388,96,95,100,7936,371
10119,1,510,96,100,100,13665,429
7103,0,636,87,78,78,10102,258
6881,0,586,83,60,78,9433,226
6389,0,539,81,43,95,8352,225
1159,0,647,79,43,100,2222,131
3755,0,506,86,60,95,4901,158
6001,0,538,81,43,95,7859,213
6960,0,435,83,43,95,9619,211
6170,0,458,79,25,100,8215,188
10197,0,603,75,25,95,13610,313
6879,0,543,73,25,95,9455,210
9781,0,557,75,43,95,12477,306
6965,0,535,75,60,78,9472,189
6896,0,439,76,60,100,9430,234
1767,0,473,69,43,100,2577,140
5529,0,525,82,43,100,7898,189
10169,0,519,82,43,100,14050,292
6829,0,514,80,43,78,9339,186
7141,0,360,79,25,95,9720,185
10467,2,547,79,43,100,13528,318
7781,0,489,81,60,95,10618,221
5644,0,431,79,60,95,8065,141
6769,0,455,66,60,95,8860,176
7319,0,529,59,43,95,10077,200
7301,0,415,59,43,95,10226,203
7183,1,385,69,43,100,9512,194
7897,0,486,58,43,100,10943,223
7230,0,423,75,43,100,10242,272
5361,0,472,71,43,95,7486,181
7250,2,542,86,60,100,9765,196
6395,0,641,82,60,78,8441,177
5298,0,594,84,60,95,7575,154
2412,2,376,86,60,100,3396,180
1971,0,591,81,43,100,3189,174
852,0,714,71,25,78,1532,87
8401,0,653,79,43,95,11152,242
7311,0,468,87,60,100,10151,207
6570,0,502,86,60,95,8769,190
6898,0,368,86,60,100,9213,191
1492,1,572,75,43,95,2043,101
6999,0,494,82,43,100,9357,210
965,0,778,75,43,78,1793,104
6355,0,644,71,25,60,8678,176
5238,0,629,65,1,60,6979,145
723,0,482,71,1,95,1160,72
5959,0,549,70,1,95,8234,185
5398,0,457,72,1,95,7200,146
6454,0,544,71,1,100,8140,225
5347,0,435,72,1,95,7512,164
396,0,775,59,1,25,1057,58
5904,0,714,74,25,95,8338,179
5920,0,524,78,25,95,7877,161
6713,0,496,78,25,95,9179,179
1273,0,714,73,25,95,2142,114
5574,0,332,80,25,100,7362,161
2158,2,550,76,25,95,2640,116
1624,0,633,66,1,78,2397,131
6046,0,541,70,1,95,8164,182
5891,0,497,71,1,95,7985,168
1980,0,578,68,1,100,2501,112
369,0,707,64,1,95,851,49
546,0,595,63,1,95,1156,66
7237,0,574,72,25,95,9852,215
6968,5,559,80,43,95,9203,175
5234,0,565,79,43,95,6781,229
6452,0,417,88,60,100,9056,200
6079,0,482,82,43,95,8461,177
6138,0,619,79,43,95,8224,161
480,0,552,76,43,78,805,45
721,0,836,65,25,43,1333,80
1176,0,659,71,25,95,2023,111
908,0,754,64,25,78,1860,113
1344,0,691,62,25,95,2377,146
795,0,608,56,25,78,1475,85
883,0,645,44,1,95,1971,122
1162,0,155,46,1,100,1675,81
8904,0,349,98,95,95,12304,513
16166,4,338,94,78,100,19596,581
8622,2,565,94,95,100,11043,318
8485,0,497,90,100,78,11585,357
13732,1,360,93,100,100,16190,449
4540,0,362,91,100,100,6117,307
13743,4,466,98,100,100,16006,601
15535,0,239,100,100,100,18507,551
13205,1,429,98,100,95,15067,549
16404,1,375,95,100,100,18463,543
6871,0,472,96,95,100,8696,367
10217,2,519,95,95,95,12730,393
12306,1,413,97,95,95,15217,474
10230,1,348,97,95,100,13734,470
11660,0,460,95,100,100,14999,521
8001,0,540,96,100,100,10373,304
8924,0,502,97,100,100,11240,327
16745,2,285,100,100,100,18953,717
10806,0,370,99,100,100,12231,475
9468,0,505,96,100,95,11166,407
6767,1,406,98,100,100,8531,365
11606,0,424,98,100,95,14540,488
12305,0,326,100,100,100,15599,519
9202,1,380,98,100,100,12573,504
10111,0,330,99,100,100,12932,518
14518,0,386,99,100,95,16963,485
9710,1,195,99,100,100,12464,565
11996,1,314,100,100,100,14667,511
12129,0,273,100,100,100,14347,607
9719,1,509,96,100,100,11860,506
5141,2,615,95,100,100,6313,274
11126,0,394,97,95,100,13683,408
10371,0,311,97,95,100,12374,496
9774,0,480,96,95,100,12070,505
9278,0,647,92,95,95,11704,449
8268,1,491,97,100,100,10017,379
9603,0,425,98,100,100,11024,391
6042,0,533,96,100,100,8347,264
6033,2,335,99,100,100,8020,395
6034,0,496,97,100,100,7780,380
11225,0,412,98,100,100,13185,435
13689,2,504,96,100,95,16373,472
16152,1,349,98,100,100,17456,614
13037,1,212,96,100,100,14342,496
15003,2,351,94,100,100,16424,576
15967,2,235,91,100,100,16974,545
11912,0,331,88,100,100,13840,524
19801,1,177,77,100,100,20999,702
9686,0,538,96,100,95,11417,443
3845,0,473,97,100,100,5739,307
9480,2,426,98,100,100,11396,393
9433,0,574,95,100,95,10414,425
9885,1,451,95,100,95,11164,410
14008,2,407,93,100,95,15709,485
11541,1,498,87,100,95,14440,446
10878,0,317,78,100,100,12262,441
10281,1,519,73,100,100,12300,454
8624,1,475,82,100,100,11150,366
2250,0,750,88,95,78,3372,175
5124,1,615,87,78,100,6316,259
9596,0,611,89,78,100,12295,371
10783,1,303,94,78,100,13671,466
11341,0,469,91,78,100,13041,509
7314,1,595,86,78,100,8408,308
6648,0,376,93,95,100,8233,325
11265,4,361,94,95,100,13586,438
9289,5,272,99,95,100,10744,274
12816,2,389,98,95,100,14863,369
13987,1,414,98,100,100,16642,387
14961,3,421,95,100,100,18358,403
10081,2,396,92,100,95,12042,377
12196,3,394,99,100,100,14215,392
11660,0,436,98,100,100,14821,417
8046,2,499,97,100,100,10202,332
15194,1,360,99,100,100,19234,476
11934,2,332,99,100,100,14384,414
5845,2,381,97,95,100,6944,223
12036,1,360,98,95,100,14334,452
5685,1,688,88,78,100,7684,306
8592,2,517,90,78,100,10177,401
14022,6,318,98,95,100,16413,398
14609,1,354,98,95,100,17308,418
17930,1,305,97,95,100,22082,479
4828,2,413,93,95,100,6324,235
10358,5,416,97,95,100,12640,402
15004,5,467,98,100,100,17671,352
13759,4,371,99,100,100,16830,468
13434,14,424,98,100,100,16267,337
10517,7,390,93,100,100,13606,400
11248,1,459,98,100,100,13294,414
6414,2,374,99,100,100,8655,321
15508,2,335,100,100,100,18075,463
13789,6,371,99,100,100,16460,373
8978,7,503,95,95,100,10763,375
8069,2,481,96,95,100,10777,347
11107,2,341,98,95,100,13121,389
9586,2,379,97,95,100,12225,392
11707,2,518,97,100,100,14854,352
13718,2,332,100,100,100,16311,402
16032,18,348,99,100,100,18492,451
13588,3,335,96,100,100,15567,459
9199,2,396,93,100,100,11934,445
10427,5,401,99,100,100,12917,388
9328,1,362,98,95,100,11313,432
11410,2,512,96,95,100,13997,353
13080,1,426,97,95,100,14786,389
11216,6,415,97,95,100,13068,401
11824,2,368,95,95,100,14297,419
12176,4,464,92,100,100,14340,442
8347,5,368,90,100,100,10296,359
6337,2,504,96,100,100,7586,300
8557,3,374,98,95,100,10135,320
10367,2,362,98,95,100,12774,440
10006,2,335,94,78,100,11786,399
10629,3,413,93,78,100,13173,409
7304,4,406,88,60,100,9252,357
11498,6,434,88,60,100,13065,408
9957,4,420,88,60,100,12719,420
11078,3,331,93,78,100,13158,331
9808,1,275,98,95,100,11447,422
9965,6,298,94,78,100,11728,343
15426,1,337,94,78,100,18644,345
18037,2,372,98,95,95,22368,367
16603,3,335,98,95,100,19899,377
19184,10,335,96,100,100,23177,439
16610,1,305,94,100,100,20315,395
18311,4,315,99,100,100,22727,493
14451,5,405,99,100,100,17432,402
20436,4,361,98,100,100,25878,468
5547,1,487,93,95,100,6879,226
11703,4,355,98,95,100,13687,405
14561,4,375,98,95,100,17325,433
16361,2,344,98,100,100,20658,444
15465,2,414,95,100,100,18373,428
12433,0,542,95,95,100,15279,449
11799,12,473,97,100,100,12609,418
9679,6,412,96,100,100,10439,322
11649,2,486,92,100,100,13339,446
10103,3,474,89,100,100,11900,416
11404,13,580,95,100,95,12082,395
13192,7,547,96,100,95,15150,421
10256,0,406,98,100,100,12755,400
12426,16,512,97,100,100,13696,363
11767,3,556,96,100,100,13885,409
14092,4,457,88,100,95,16526,522
2691,1,600,84,100,100,3203,153
7814,1,542,94,95,95,9515,234
15080,4,347,98,95,95,18086,362
10153,2,510,96,95,100,12288,369
9926,3,518,86,95,100,11310,337
12342,3,649,94,100,100,15379,362
8158,3,518,96,100,95,10017,286
15094,3,408,98,100,100,18088,386
13003,1,513,97,100,100,15599,410
16741,3,416,98,100,100,20892,437
13385,12,568,71,100,100,15150,436
11869,1,489,91,100,100,14638,381
14514,5,577,87,100,95,17510,378
8282,1,500,85,100,100,9919,279
13026,4,561,73,100,100,14932,366
7474,2,526,81,100,100,8798,283
11018,0,579,95,100,100,13612,331
15723,5,388,99,100,100,19196,478
8349,5,684,93,100,95,9425,359
9725,3,354,98,100,95,11589,354
11268,7,660,93,100,95,12922,272
3667,0,383,99,100,100,4860,100
15779,6,629,95,100,100,19097,426
5020,1,417,99,100,100,6057,239
15238,4,424,99,100,100,18410,419
13563,4,559,96,100,100,16999,407
5768,2,562,94,95,100,6854,292
6267,0,566,88,78,78,7309,188
10959,6,334,93,78,100,12321,358
16568,9,425,93,78,100,19897,440
8383,0,605,93,95,100,10263,387
13928,5,462,97,95,100,16945,384
17549,3,467,97,100,100,21116,445
5922,0,528,93,100,100,7351,224
7301,7,626,95,100,100,7789,249
14630,7,403,99,100,95,17744,355
16284,5,508,96,100,100,19890,464
11322,0,517,93,100,100,13761,389
12550,6,385,93,100,100,14699,315
7654,4,601,87,100,100,8696,254
10236,7,395,98,100,100,11892,389
15856,5,489,97,100,100,19394,398
12999,2,489,96,100,100,16152,387
14948,10,541,93,100,100,16880,423
14278,4,533,90,100,100,17487,399
8288,8,594,87,100,100,9164,266
9652,3,532,97,100,100,10765,334
11982,8,456,98,100,100,12740,354
14932,0,364,99,100,100,18914,370
16451,2,394,99,100,100,19913,461
6557,1,237,95,100,100,7455,222
3965,0,506,91,78,100,5484,254
7594,0,666,90,95,78,10119,373
4818,0,555,88,78,100,6738,331
5895,0,593,86,95,100,8107,424
5452,0,673,79,95,100,7312,365
2775,0,487,77,78,100,4520,233
7210,1,628,71,78,100,8977,416
5509,0,574,73,78,100,7511,351
7584,0,519,80,95,100,9332,383
2755,0,662,70,78,95,4343,265
9445,1,635,79,78,100,11693,432
6758,0,642,84,95,100,9032,342
3170,0,720,78,78,100,5051,261
9283,4,550,89,95,100,10939,434
3951,0,604,91,100,100,5726,248
1965,0,594,84,95,100,3553,221
5697,0,539,79,78,100,7685,398
8981,1,596,84,95,100,10968,449
5942,1,529,89,95,100,7999,341
8090,0,469,96,100,100,10771,375
8351,0,528,93,100,100,11109,418
5821,0,601,93,95,100,8168,361
13356,2,476,97,100,100,15620,503
6970,0,552,96,100,100,9287,385
6177,0,617,93,100,95,8213,323
3529,0,697,93,100,100,5348,317
8020,0,521,88,100,100,10880,444
4917,0,601,73,78,100,7437,389
6269,0,586,73,78,100,8509,336
5000,0,457,75,78,100,6965,325
9383,0,654,79,78,100,12530,427
4133,0,669,78,78,95,6119,306
5509,1,580,76,60,100,7828,367
12500,4,492,93,95,100,14740,469
5404,0,588,90,95,100,8009,388
5301,0,679,88,95,95,6954,311
2206,0,700,87,95,100,3819,232
6861,1,510,85,95,95,8904,311
2732,0,696,76,78,95,4251,249
4843,0,693,71,60,100,6674,298
3942,1,523,65,43,100,5510,240
4067,0,725,57,25,100,5999,310
10128,2,588,70,43,95,11806,407
2224,0,534,71,43,100,3634,213
9290,0,613,72,43,100,11649,400
3629,0,603,73,43,95,5491,309
5802,0,598,78,60,95,8282,377
3691,0,565,77,60,95,5025,273
5402,0,618,84,95,100,7796,367
10390,0,634,87,95,95,13497,442
5372,0,553,89,100,100,7590,387
7201,1,549,86,100,95,9575,418
11013,3,462,94,100,100,12007,448
7804,1,565,92,100,100,9224,400
5083,0,489,91,100,100,6807,402
3524,0,488,92,100,100,5376,325
10552,0,609,86,100,95,12992,527
6379,1,493,92,100,100,8611,361
7222,2,510,92,100,100,8892,376
2134,0,464,84,100,100,3254,191
9456,0,465,89,100,100,11375,487
4544,0,449,92,100,100,6346,366
4181,0,517,89,100,100,5690,294
5899,2,599,85,100,100,7487,326
3522,1,635,82,95,100,5338,231
13920,21,502,92,95,100,15379,464
4449,1,626,83,78,100,6421,335
3886,1,452,81,60,100,5217,219
7507,1,446,84,60,100,8948,328
4909,3,513,86,60,100,6641,338
6804,1,510,90,78,100,8642,356
5408,2,556,83,60,100,6867,323
13089,7,407,89,78,95,13870,489
15001,10,482,87,78,100,17179,622
4812,1,486,89,95,100,6927,382
7997,1,475,93,95,100,10364,412
3962,0,591,94,100,100,5739,288
8093,1,524,96,100,100,10370,405
7049,0,560,95,100,100,9365,359
9761,0,624,94,100,100,12724,422
6109,0,476,94,100,100,7983,376
3879,0,642,88,100,100,5634,314
6861,2,540,96,100,100,9435,314
7112,0,559,94,100,100,9086,377
5842,0,601,91,100,95,7802,261
13487,1,417,98,100,100,17107,500
5409,0,520,95,95,100,7565,303
3156,0,673,92,95,100,4907,297
15400,7,498,96,100,95,16240,450
3182,0,179,97,95,95,11949,89
7456,2,307,96,100,100,15334,244
16016,2,295,100,100,100,17011,483
20488,4,335,98,100,95,23391,692
17576,1,360,96,100,100,19633,678
10130,5,584,86,100,100,11727,487
11556,4,450,85,100,100,12529,428
10636,8,602,78,100,78,11835,433
8381,5,574,80,100,95,9130,383
9649,0,552,96,100,100,11825,393
8163,2,705,93,100,95,9661,410
19535,2,443,98,100,100,21875,662
10749,4,458,98,100,100,12088,500
9742,0,591,94,100,95,11561,454
10337,1,631,87,100,95,11967,441
12972,6,518,96,100,95,14819,525
15790,2,404,98,100,100,17799,587
17509,1,424,94,100,95,18934,600
17488,3,369,93,100,100,19415,634
16628,8,464,88,100,95,18252,569
16555,0,349,77,100,100,18725,646
17789,0,377,74,100,100,21312,717
14402,2,477,73,100,100,16828,585
18559,1,360,74,100,100,20449,644
12767,0,419,74,100,100,14960,533
14104,0,459,73,100,100,16040,567
10857,12,605,80,100,100,12081,421
14136,12,505,73,100,100,15146,494
12680,7,436,73,100,100,14175,528
11657,1,368,84,100,100,12795,471
13079,8,517,93,100,60,14113,548
12396,14,563,96,100,100,13704,463
11824,3,350,98,100,100,14244,486
11075,0,465,94,100,100,13199,451
12545,4,290,93,100,100,13688,499
14103,4,526,89,100,100,15561,556
13290,1,319,78,100,100,15725,587
11309,0,464,84,100,100,13606,480
16911,3,454,98,100,100,19002,586
18891,8,334,99,100,100,21635,659
20345,6,369,98,100,100,22412,666
18661,1,328,96,100,100,19643,639
14971,9,359,93,100,100,15957,519
7294,2,473,89,95,100,9045,384
19081,8,320,99,100,95,20519,636
14511,3,399,98,100,95,15068,464
13708,2,509,97,100,100,15942,520
13225,1,453,94,100,100,14950,514
10960,2,396,93,100,100,13445,500
15123,7,419,90,100,100,17808,521
15008,23,480,76,100,100,16010,515
10781,1,581,82,100,100,13124,427
11408,0,546,96,100,95,13440,455
7329,0,372,99,100,100,8950,432
5047,4,623,94,100,100,5935,249
7436,0,769,91,100,95,8998,434
15505,2,341,99,100,100,16751,594
10328,1,394,98,100,100,11426,411
6869,10,564,93,100,100,7643,279
5640,1,660,88,100,100,6938,334
13363,25,549,96,100,100,12844,344
12604,3,541,95,100,100,14087,496
11804,1,463,97,100,100,13295,561
11708,1,427,95,100,100,12912,507
9484,0,400,99,100,100,11547,553
14558,3,427,99,100,100,15174,572
4187,0,315,98,100,95,5359,211
10225,1,470,96,95,100,13064,674
6951,0,541,90,78,100,9917,470
7011,1,663,88,95,100,9132,414
8787,0,451,85,95,100,11189,594
12060,0,462,80,95,100,13887,494
6925,0,536,78,95,100,8444,365
7221,0,568,73,78,100,9687,442
10150,0,376,80,95,100,10992,429
4883,0,589,72,78,100,6507,329
7589,2,676,68,60,100,8605,392
15964,0,393,72,60,95,16999,550
8917,3,465,76,60,100,11037,394
9030,2,608,80,78,100,10791,381
13906,0,344,88,95,100,16666,738
11263,1,334,91,95,100,13699,606
9952,0,406,80,100,95,11299,505
5825,0,812,69,100,95,7517,327
7310,0,562,86,100,100,9658,348
7081,0,603,79,95,100,8838,405
7208,0,734,70,78,78,8887,344
9886,2,464,83,78,95,11660,437
6724,0,582,80,78,95,7931,323
10149,0,546,80,78,100,11094,374
5118,1,599,74,60,100,6593,311
5611,0,602,73,60,100,7085,353
14816,1,476,79,78,100,15830,549
9069,1,509,88,95,100,11409,410
3997,0,621,73,78,100,4874,206
4485,0,716,67,60,100,6454,313
1867,0,815,59,43,100,2563,130
7329,0,542,65,43,100,8981,390
11146,5,581,76,60,100,12976,518
10841,0,514,77,60,100,12334,400
7196,0,451,74,43,100,9092,384
3275,0,881,65,43,100,4311,189
2064,0,685,65,43,95,2845,164
2856,1,799,63,43,95,3914,184
6875,1,696,67,43,100,8912,311
6986,0,597,60,25,100,8828,384
4364,0,699,51,1,95,6242,329
3495,0,586,53,1,100,4889,222
8631,2,623,59,25,78,9513,356
7759,0,701,60,25,100,9533,352
4829,0,632,60,25,95,6242,185
8580,1,581,69,43,95,10164,468
10733,0,428,81,60,95,14353,530
9060,1,431,85,78,100,12431,552
12361,0,347,95,95,100,15806,554
5760,2,507,82,78,95,6951,290
5330,2,611,86,78,95,6093,242
2606,0,733,78,78,78,4014,214
4223,0,801,74,60,95,5057,229
4586,0,539,69,43,95,5859,264
7037,1,598,64,25,95,8881,358
8361,1,584,62,25,100,10443,423
9391,0,585,69,25,100,11234,388
4757,0,583,64,25,100,6708,391
7101,0,628,63,25,78,8666,392
10288,3,527,78,43,100,11675,366
7106,0,585,77,43,100,8974,358
9627,0,717,82,60,95,12217,316
8390,0,525,87,60,100,10634,412
5376,1,587,81,60,100,6429,262
5614,1,634,81,60,100,6306,285
3322,1,601,80,60,100,4530,236
6725,0,573,71,43,95,8950,430
10707,0,450,78,60,100,13340,548
11495,0,509,81,60,100,14122,390
1201,0,843,85,78,100,1875,96
6770,0,829,77,60,78,8778,276
5527,0,624,88,78,100,7011,232
4272,0,813,82,78,78,5331,183
6296,0,749,81,78,95,8071,282
5555,0,617,78,60,100,6865,235
1558,0,979,67,60,95,2496,134
1060,0,910,68,60,100,1790,105
6194,0,571,66,43,100,7654,229
6183,0,775,68,43,100,8284,275
10776,0,666,86,78,95,13267,407
3599,0,706,81,60,100,5247,176
6739,0,867,80,78,60,8795,297
1604,0,825,84,78,100,2254,127
2642,0,712,83,78,100,3580,172
4132,0,929,73,78,78,5485,200
4998,0,741,76,78,95,6445,221
1830,0,776,65,60,100,2800,163
5616,0,750,66,60,95,7226,238
1616,0,972,55,43,78,2307,116
3369,0,839,60,43,100,4339,191
1506,0,727,60,43,95,2046,116
5914,0,847,53,25,78,7720,249
1722,0,826,58,25,95,2512,136
5700,0,759,61,25,95,7473,280
6044,0,725,72,60,100,7413,256
5116,0,602,80,78,100,6747,239
3809,0,915,69,78,78,5063,194
1917,0,917,74,78,100,2715,148
1540,0,806,63,60,78,2062,107
1393,0,859,62,60,100,2046,127
5498,0,786,60,43,100,7017,279
995,0,898,50,25,78,1707,93
1297,0,1024,47,25,95,1911,107
1504,0,675,54,25,100,2164,121
5100,1,967,49,25,78,6167,247
4538,0,649,68,43,100,6010,268
4487,0,812,75,78,95,5938,236
1242,0,791,70,78,78,1981,108
1505,0,828,77,78,95,2345,119
1461,0,861,73,78,95,2302,142
4872,0,680,73,78,100,6617,263
1302,0,854,63,60,78,2079,114
4992,1,769,60,43,100,6542,239
3565,0,634,57,25,78,4677,166
1847,0,935,52,25,95,2605,143
2130,0,752,54,25,95,3077,160
5608,1,704,57,25,100,6980,226
1078,0,809,52,25,78,1542,84
7438,1,817,61,43,100,9117,312
3869,1,728,67,43,95,4695,237
1852,0,744,65,43,100,2709,135
1941,0,923,57,43,78,2652,137
5815,0,799,64,60,60,7479,279
5332,0,903,54,43,25,7067,245
3413,0,818,55,25,95,4575,164
1048,0,835,54,25,95,1709,90
3008,2,850,53,25,100,3939,187
5602,0,820,55,25,95,7153,286
2009,0,728,50,1,95,2903,151
5873,0,870,47,1,78,7547,274
2356,0,716,62,43,100,2806,138
4450,0,828,58,43,78,6023,207
1531,0,896,57,43,78,2193,113
4486,0,144,60,43,100,5272,167
3150,0,750,86,78,100,5374,339
2795,0,602,72,43,100,4973,333
1788,0,548,69,43,100,3185,209
1489,0,496,60,25,95,2222,113
3311,0,551,48,1,100,4776,239
1772,0,528,49,1,95,3690,249
10927,0,565,65,25,95,14784,436
2653,0,599,64,25,100,4927,336
3873,0,637,64,25,100,5649,251
1749,0,649,62,25,95,2977,161
3578,0,759,58,25,95,4841,255
5433,2,533,68,43,100,7708,390
2538,0,619,63,43,78,4386,306
1243,0,617,57,25,100,2081,111
638,0,787,52,25,100,1144,73
2796,0,614,54,25,100,4534,310
8520,0,399,68,43,100,11070,364
4531,0,464,69,43,100,6840,381
1882,0,702,58,25,100,3334,230
3011,0,727,56,25,78,4377,283
3329,0,742,60,43,78,5027,247
1589,0,694,61,43,95,2812,189
1889,0,589,55,25,100,3409,238
2428,0,684,52,25,95,3696,222
11526,2,509,72,43,95,15550,452
2206,0,821,66,43,100,4311,275
3137,0,467,67,25,100,5426,335
11601,0,564,78,43,95,15620,467
10331,0,580,83,60,78,14324,304
3136,0,503,85,60,95,4385,239
9369,0,597,89,78,95,12439,328
8504,0,533,86,78,60,11051,326
1022,0,792,85,78,100,1873,110
912,0,781,84,78,95,1718,96
2446,0,609,79,60,100,3607,209
1085,0,599,69,43,95,1695,111
8574,0,546,80,60,100,11126,281
10385,1,663,83,60,100,13387,335
965,0,760,78,78,78,1767,92
2168,0,517,91,78,100,3842,248
8862,0,550,94,95,100,11111,273
1395,0,701,85,78,100,2600,185
1513,0,646,77,60,100,2795,203
5921,0,434,78,60,100,8067,389
4417,0,753,68,60,100,6793,369
1873,0,492,71,60,100,3864,276
2893,0,574,69,60,100,5649,412
10655,0,452,75,60,100,13639,393
819,0,434,73,60,100,1832,119
8098,0,700,70,43,78,10981,280
7027,0,412,85,60,100,9512,269
7907,0,485,89,78,95,11245,454
9857,0,521,94,95,95,13090,356
2194,0,505,91,95,100,4086,282
11429,0,418,96,95,95,14735,392
1967,0,534,86,78,100,3545,236
3164,0,468,90,95,100,5900,407
3385,0,520,77,60,100,5369,329
8788,0,607,78,60,95,11766,252
1474,0,672,76,60,95,2603,167
1876,0,574,69,43,100,3328,189
8817,0,713,69,43,60,11761,293
2806,0,607,74,43,100,4492,231
1392,0,546,72,43,100,2623,185
895,0,725,58,25,100,1798,129
11977,0,632,73,43,100,16479,394
8664,0,373,88,60,100,11920,304
2270,0,466,79,43,100,4383,302
1896,0,644,74,43,100,3288,197
11229,0,569,85,60,100,15228,489
432,0,733,78,60,95,1040,68
672,0,785,58,25,95,1397,94
25964,8,257,99,95,100,26836,709
18728,7,252,99,95,100,19985,612
26197,22,331,97,95,95,27471,709
15605,4,478,94,100,100,16846,531
24206,15,278,94,100,100,25009,629
23559,11,310,91,100,100,23935,715
20380,13,328,79,100,100,21597,461
18053,9,337,76,100,100,18966,639
26985,8,251,75,100,100,27633,714
19748,4,347,75,100,100,20131,663
22719,12,383,74,100,95,24072,571
23957,4,227,75,100,100,25219,743
25110,15,299,75,100,100,24974,711
18210,5,275,75,100,100,19982,660
20376,7,314,75,100,100,21542,690
19925,9,167,75,100,100,19411,551
23977,4,197,75,100,100,25039,804
26093,14,176,75,100,100,25849,760
13748,5,489,82,100,100,14083,509
20640,14,460,72,100,95,20407,569
10325,7,409,99,100,100,11205,403
15597,3,479,98,100,100,16904,508
18362,10,309,75,100,100,18788,641
15497,6,378,99,100,100,16277,546
15880,7,391,94,100,78,16411,576
17094,6,362,92,100,100,17965,444
17431,7,390,74,100,100,18009,598
17044,11,410,78,100,100,17266,509
20787,15,376,76,100,100,21119,619
21548,16,344,75,100,100,21991,603
18643,5,223,75,100,95,19012,585
12205,1,392,84,100,100,13562,473
24924,8,245,100,100,100,25836,680
16069,5,375,99,100,100,16961,579
11377,11,365,99,100,100,11705,377
14955,13,412,99,100,100,15712,556
14032,16,406,95,100,100,14061,419
14443,12,442,92,100,100,15032,464
6207,9,446,89,95,100,6494,230
10462,13,439,76,100,100,10767,326
15073,21,459,97,100,95,14838,437
10155,5,492,97,100,100,10984,342
13396,8,494,94,100,100,14365,401
12307,16,387,93,100,100,13417,369
10254,6,389,91,100,100,11198,335
12535,13,474,76,100,100,12959,398
9156,9,533,80,100,95,10052,308
14453,21,455,97,100,95,14897,381
9933,12,563,81,100,100,10008,316
4819,0,468,83,100,100,5685,227
9663,5,508,97,100,100,10229,320
5691,0,648,93,95,100,6867,238
14129,17,460,96,95,100,14384,402
14830,27,419,98,95,100,14619,388
10957,15,523,95,95,100,11722,388
4946,2,460,88,78,100,5813,207
7821,7,540,91,78,100,8385,290
12260,4,422,98,95,100,13394,431
5944,3,608,94,95,100,6660,234
14540,13,442,97,95,100,14686,427
8410,5,384,98,95,100,8804,283
17246,27,353,97,95,95,16643,448
8990,10,594,96,100,100,9207,287
7003,1,442,93,100,100,7699,277
10497,10,351,98,95,100,10979,281
2803,2,245,98,95,100,3090,128
12605,13,491,96,95,100,12884,380
3666,2,427,93,78,100,4059,181
13149,14,597,89,78,100,13260,385
3839,0,340,93,78,95,4532,178
10924,17,332,94,78,100,10804,290
6099,6,406,97,95,100,6342,216
9190,3,489,97,100,100,9853,311
7997,11,476,96,100,100,8570,268
13795,7,363,99,100,100,15209,414
6108,1,544,95,100,100,7070,278
5435,2,533,95,95,100,6268,236
1217,0,3,91,78,100,1419,48
8919,1,402,87,60,100,10314,334
13417,26,507,87,60,100,13169,352
6199,8,389,87,60,100,6388,205
7752,3,526,87,78,100,8413,323
13874,14,321,98,95,100,13697,411
7678,7,420,99,100,100,8156,316
7055,3,537,96,100,100,8011,271
6993,5,517,97,100,100,7303,252
14239,12,415,97,95,95,15871,417
4591,4,255,93,78,100,5059,170
6076,1,541,86,60,100,6967,273
10880,14,413,89,60,100,10763,326
9697,7,426,88,60,100,10985,301
10715,2,439,92,78,100,12162,352
7000,0,441,93,95,95,8198,249
7054,2,595,89,78,95,8112,270
4223,3,345,93,78,100,4682,172
8722,6,484,96,95,100,9240,302
7923,10,431,83,43,100,8730,235
11485,11,427,84,43,100,11570,335
2184,1,198,84,43,100,2305,84
4105,5,78,80,25,100,4078,105
2341,1,545,90,78,100,4102,229
3702,4,476,86,60,100,5605,312
7561,1,548,85,60,100,11301,445
3766,0,545,91,78,100,5285,295
3228,1,504,86,60,100,4864,287
4602,2,562,78,43,100,6279,322
4537,0,523,77,43,95,5439,281
4619,1,482,68,25,100,5886,324
6531,0,460,63,25,100,8170,351
10163,0,395,78,43,100,10322,377
1998,0,561,75,43,100,3432,208
3238,1,611,72,43,95,4817,294
4668,0,482,73,43,100,5887,309
3362,1,563,71,43,95,4432,222
8522,0,462,79,60,100,9863,364
3583,0,586,76,43,100,5128,289
3465,3,545,68,25,100,4898,261
2002,0,555,67,25,100,3625,201
2798,0,562,65,25,100,4108,240
2510,0,549,63,25,100,3913,239
4168,2,499,64,25,100,4968,265
3699,1,564,52,1,100,5375,323
2791,0,507,53,1,100,3792,197
12866,2,281,72,25,100,15246,472
1665,0,562,69,25,100,2826,177
2286,0,593,67,25,100,3533,225
3202,0,501,67,25,100,4659,291
4004,0,410,68,25,100,5490,253
6145,0,495,69,43,95,6927,322
8306,0,543,79,60,95,9454,350
3124,1,647,74,43,100,4496,228
3243,0,540,76,43,100,4274,219
11394,1,523,85,60,95,12560,395
3096,0,631,83,60,100,4555,263
2556,1,578,83,60,100,4144,241
3861,0,507,80,60,100,5436,307
2627,0,615,69,43,100,3998,222
7366,0,454,77,60,100,8802,354
2252,0,607,76,60,100,3912,244
2033,0,587,67,43,100,3357,205
3780,0,541,68,43,100,5063,274
2491,0,592,62,25,100,3894,228
2718,0,729,48,1,95,4209,247
3067,0,559,58,25,100,4640,295
2380,0,545,57,25,100,3384,212
2384,0,575,60,43,100,3919,224
4128,0,403,64,43,100,5468,276
2325,0,624,61,43,95,3748,240
8849,3,330,73,60,100,10516,494
1992,0,621,68,43,100,3641,227
2385,0,399,67,43,100,3479,180
9547,0,425,95,100,95,11114,410
15765,2,378,93,100,100,17921,574
16204,1,450,89,100,100,19051,518
12450,4,501,76,100,100,15013,424
13752,2,497,84,100,100,15116,514
19253,3,343,75,100,100,21502,616
11095,0,445,82,100,95,12509,430
4833,4,363,83,100,95,6191,266
16128,1,270,75,100,95,18936,525
15630,0,426,74,100,100,18928,467
15721,0,476,72,100,100,18862,454
15088,1,472,73,100,100,17873,511
19782,6,295,75,100,100,22546,578
5053,0,713,77,100,95,6301,291
12837,9,462,98,100,100,15136,503
16015,4,385,99,100,100,19591,590
14425,0,484,96,100,100,16714,459
15939,1,424,95,100,100,18460,530
9670,0,289,86,100,100,11253,360
15021,1,407,74,100,100,16985,534
11507,2,458,82,100,100,12436,392
13266,3,416,74,100,100,15847,410
11150,1,446,73,100,100,13507,430
14872,4,382,74,100,100,16973,513
11164,2,348,84,100,100,12683,391
12625,0,343,75,100,100,13985,433
15988,4,282,75,100,100,17873,533
10785,8,506,97,100,95,12404,327
13634,4,399,98,100,100,15492,523
11195,1,376,99,100,100,13087,364
9641,2,373,96,100,100,10672,364
12091,1,236,94,100,100,13906,549
13588,1,307,79,100,100,15454,353
12810,0,391,76,100,100,14443,396
16093,1,402,74,100,100,18499,413
12263,0,284,75,100,100,14643,356
13507,1,211,75,100,100,15525,543
13636,1,357,75,100,100,15864,392
11487,0,370,74,100,95,13562,360
6462,0,301,84,100,95,7816,375
13498,2,440,98,100,100,16078,575
17224,5,359,98,100,100,21199,475
16473,1,419,95,100,100,19865,494
18746,2,305,93,100,100,21912,672
17495,1,448,75,100,95,20446,505
15055,0,293,75,100,100,17798,553
15187,1,483,72,100,95,18263,457
8403,2,367,84,100,100,9436,385
12122,0,342,75,100,100,14001,480
10774,0,251,85,100,100,13407,508
12659,2,330,84,100,100,14375,515
12660,0,334,75,100,100,15243,513
11253,2,389,84,100,100,13894,488
6817,0,160,83,100,100,8159,210
1152,1,674,88,78,100,1450,71
6751,2,571,85,60,100,8999,252
7595,1,469,87,60,100,9836,246
7863,2,583,85,60,95,10117,196
8876,3,458,88,60,100,11437,274
2596,0,464,83,43,100,3286,147
7974,2,587,85,60,95,9874,353
8231,1,400,93,78,100,10917,239
2277,1,611,89,78,100,2700,115
13202,4,517,91,78,100,16309,331
9513,0,474,97,95,100,12522,297
11368,5,561,94,95,100,14698,340
13051,4,409,95,100,100,17461,258
10395,1,550,90,100,100,13759,277
4611,2,622,84,95,95,5541,184
12067,2,483,97,100,100,15335,355
13954,2,383,98,100,100,17867,336
10883,0,410,95,100,100,14492,274
8117,1,424,92,100,95,11200,244
12803,1,347,100,100,100,17283,345
6540,3,465,98,100,100,8285,265
8614,3,454,99,100,100,11337,240
12992,3,497,97,100,100,17216,325
5249,4,619,84,60,100,6686,276
11967,1,498,86,60,100,16698,332
7725,2,531,86,60,100,10227,194
11213,4,477,88,60,100,14019,238
7442,2,526,82,43,100,8651,217
10107,4,564,86,60,100,12104,334
7575,3,598,85,60,100,10220,193
11933,2,458,92,78,100,14405,356
12197,1,469,92,78,100,16351,257
10264,1,542,95,95,100,11948,307
11510,2,505,94,100,100,14679,367
3482,1,470,92,100,100,4150,223
11523,4,437,98,100,100,14694,379
13025,5,365,98,100,100,16957,342
8002,1,524,86,60,100,10527,175
6717,1,622,84,60,100,8154,176
9382,5,385,88,60,100,11771,240
9343,2,457,88,60,100,12438,251
11218,5,422,92,78,100,13979,273
10173,5,582,91,95,100,12176,305
7406,1,494,90,100,100,9383,264
10542,3,472,98,100,100,12872,275
10543,2,458,97,100,95,14390,235
9389,1,401,98,100,100,12358,207
12052,1,500,93,100,100,15533,313
8183,1,643,89,100,100,10383,212
9684,3,493,97,100,100,12285,325
10640,3,608,74,100,100,13438,241
8868,3,473,96,100,100,11735,220
5617,2,531,92,100,95,7167,186
11193,1,588,95,100,100,13815,297
11928,4,507,97,100,95,14421,306
2457,3,482,94,95,100,2924,119
7794,4,689,88,78,100,9802,184
10265,2,520,91,78,95,12987,226
10595,3,553,94,95,100,14165,231
9909,4,493,92,95,100,12852,222
6801,1,197,86,78,100,8727,154
14776,9,349,98,95,100,15853,527
15176,9,388,98,95,100,17171,530
10606,0,312,98,95,100,12073,378
11383,8,435,98,100,100,12859,422
12414,9,492,96,100,100,14067,405
10622,3,418,99,100,100,11905,377
14381,11,427,95,100,100,16178,409
15724,13,440,98,100,100,17735,487
12524,12,310,100,100,100,13102,351
20479,19,365,99,100,100,21912,566
11746,10,430,95,100,100,12869,343
12487,9,541,89,100,95,13932,414
17398,24,413,90,100,100,18015,491
12695,8,473,76,100,100,14637,422
9092,0,373,99,100,100,11246,370
9937,1,501,97,100,100,12460,348
6024,0,439,97,100,100,7250,300
11638,12,318,98,95,100,13367,410
15657,19,316,98,95,100,16420,474
12127,13,353,98,100,100,13222,392
5611,2,506,97,100,100,6840,253
8254,1,416,97,95,100,9937,322
11189,14,526,95,95,100,11760,379
9338,10,434,96,95,100,10392,306
5728,0,556,89,78,100,6888,290
9885,10,462,91,78,100,11076,265
8793,13,631,89,78,100,9845,299
12012,14,627,93,95,95,12808,344
13796,9,583,95,100,100,15405,429
10592,6,324,99,100,100,11848,310
13023,10,466,97,100,100,14049,346
11013,13,625,91,100,100,12494,358
9269,9,591,89,100,100,10317,329
8011,12,535,94,95,95,8595,201
12446,11,516,95,95,100,13771,340
12620,12,520,95,95,100,14234,373
10302,11,419,96,95,100,12454,379
13251,13,587,90,95,100,14862,435
11170,13,451,91,95,100,12448,333
12422,13,527,87,100,100,13905,420
9570,13,472,86,100,100,10272,275
9147,2,692,93,100,100,11025,360
5466,0,725,92,100,95,7150,206
9589,8,513,95,100,78,11069,257
9877,8,465,97,100,100,11325,328
11331,18,405,99,100,100,12091,276
8731,7,513,96,100,95,10434,312
6028,0,450,96,95,100,8067,256
12261,8,462,95,95,95,14433,409
7832,4,423,98,100,100,8945,254
8865,8,494,97,100,100,9867,272
6838,3,595,95,100,100,7755,226
8928,5,390,99,100,100,10215,298
7623,12,582,94,95,100,8315,246
9593,2,466,97,100,100,11512,377
4460,0,508,91,78,100,5975,283
6117,0,366,88,60,100,7686,317
5673,0,504,78,43,100,7721,246
3620,0,559,75,43,100,5001,171
8228,0,391,69,25,100,8942,373
5028,0,563,63,25,100,6654,202
9042,0,456,69,43,95,10934,488
5587,1,550,76,60,95,6901,269
6852,1,432,74,43,100,8953,363
10529,0,419,79,60,100,12400,482
3056,0,428,71,43,100,4540,273
5012,0,444,70,43,100,6765,352
8927,5,476,67,43,100,9912,405
5353,0,350,72,60,100,6293,257
8324,0,338,78,78,100,10538,520
9119,0,423,82,95,100,11451,455
7856,0,433,77,78,100,9773,399
7551,0,478,80,100,100,9720,365
6649,1,376,78,100,100,7824,371
8100,1,445,75,100,95,10096,418
5316,0,515,70,95,100,7092,283
6314,0,602,75,78,100,7789,307
5400,0,443,72,60,100,6978,321
5118,0,632,62,43,78,6764,285
4468,0,368,63,25,100,6163,345
5099,1,459,61,25,100,5804,300
7601,0,595,53,1,100,9733,361
5441,0,572,54,1,100,7682,320
7284,1,548,55,1,95,8420,305
8593,0,470,63,25,100,10743,482
4851,0,510,74,60,100,5555,252
8970,0,618,81,78,95,10284,443
12849,2,276,94,95,95,14688,453
9475,1,573,91,100,100,11075,429
4723,0,497,88,95,100,6321,288
7834,0,325,91,95,100,9706,314
5743,0,405,85,78,100,7098,332
8763,0,332,85,78,100,10268,398
6123,1,526,81,78,100,6951,281
8025,0,544,73,60,100,10156,343
8409,0,325,72,43,100,9935,366
4780,2,421,79,78,100,5839,203
6732,0,551,74,60,100,8369,249
6221,4,460,77,60,100,6314,241
5475,0,470,71,43,100,6937,253
7991,0,476,76,60,100,10620,426
8205,0,437,71,43,100,10447,451
11562,2,334,76,60,100,13281,567
6883,0,326,77,78,100,9155,491
13412,1,348,79,95,100,15544,657
9980,0,289,76,100,100,12494,564
4353,1,464,70,100,100,5296,247
9552,0,391,84,100,100,10508,402
3961,0,545,80,100,95,5404,224
4420,1,425,81,95,100,5596,185
4877,2,564,74,78,100,5782,276
5016,0,559,69,60,100,5880,281
3891,0,520,52,1,100,4607,223
5010,0,570,53,1,100,6492,207
5468,3,586,55,1,100,6993,218
6273,1,367,65,25,100,7738,270
5357,2,613,61,25,100,6176,273
3371,0,474,61,25,100,4271,219
1632,0,459,61,25,95,2169,101
8498,0,502,61,25,100,10029,366
3049,0,577,61,43,100,4365,210
3086,0,340,65,43,100,3980,183
8151,0,512,64,43,100,9515,341
3319,2,451,66,43,100,4553,177
1804,0,176,61,25,100,2233,95
11578,4,513,95,95,100,13958,345
3263,1,797,82,78,60,3855,173
3597,1,818,77,60,78,4279,180
19746,22,438,93,78,100,19890,402
2667,1,777,77,60,60,3490,147
3292,1,860,72,43,95,4038,177
13462,1,403,87,60,95,13937,444
4723,2,726,70,43,43,5980,173
5696,2,737,77,43,95,7190,206
16562,1,465,87,60,100,19345,469
6984,4,706,83,60,95,8301,216
2960,1,820,73,43,60,3681,153
15774,7,419,89,60,100,16901,444
5984,1,829,76,43,100,6726,263
4639,1,821,72,43,60,6288,174
11089,6,670,83,60,95,12332,307
2824,1,773,73,43,60,3651,143
5868,2,836,71,43,60,7020,192
3922,2,709,77,43,95,4042,153
6180,2,825,67,25,60,7561,214
6869,1,747,69,25,60,8067,245
14713,2,484,83,43,100,17248,349
2785,1,748,70,25,78,3247,149
2872,1,881,70,25,95,3726,176
9606,3,564,81,43,95,11578,271
4029,1,756,76,43,95,4871,214
3359,2,797,73,43,95,4430,196
11255,3,491,85,60,95,13021,318
5771,2,711,82,60,100,7494,213
4662,3,732,82,60,100,5268,218
8391,0,575,85,60,95,10539,215
2368,1,778,74,43,78,2800,138
4200,1,799,76,43,95,4865,214
19289,22,474,88,60,100,18872,495
2567,0,507,81,43,100,3287,145
4192,2,800,68,25,95,4978,214
19076,3,338,84,43,100,19753,632
8476,0,597,81,60,95,9648,385
7140,1,748,83,78,100,8611,242
9608,1,610,90,95,100,10820,281
2824,2,831,84,78,95,3754,159
5098,0,577,88,78,95,6112,222
11672,1,632,93,95,95,14584,286
14014,1,503,95,95,100,17412,302
3502,2,646,85,78,78,4312,195
7646,0,580,85,60,100,8019,218
3201,1,717,77,43,95,3933,174
3302,1,822,73,43,78,4109,190
3393,0,610,78,43,100,4124,163
2062,0,787,64,25,100,2932,145
4408,4,666,57,1,100,5232,162
3075,0,495,58,1,95,3565,152
2870,2,765,49,1,95,3548,182
2699,2,724,47,1,60,3414,134
10925,0,585,69,25,100,13978,287
2398,0,603,62,25,43,2938,133
2886,0,754,62,25,78,3949,176
3318,0,569,67,25,100,3917,190
2273,0,727,60,25,78,3100,145
3653,1,772,58,25,78,4353,183
8337,1,518,66,25,95,9125,313
4400,2,811,50,1,95,5252,203
8369,3,546,62,1,100,8697,268
5877,0,462,66,1,100,7128,182
2684,1,726,60,1,95,3601,172
3254,1,513,63,1,95,4207,180
10737,0,413,97,95,100,14049,449
8135,0,484,96,95,100,10809,440
6584,2,607,93,95,100,7997,381
5983,2,426,98,100,100,7462,307
7592,0,468,97,100,100,10566,356
7510,0,580,95,100,95,10164,354
9031,1,470,88,100,100,11877,461
10453,0,453,77,100,100,13318,464
6387,0,541,82,100,100,9259,497
4924,0,648,94,100,100,7101,330
9948,0,536,96,100,100,12038,369
4761,0,613,94,100,100,7375,335
8482,0,389,98,100,100,11190,348
9998,1,474,97,100,100,12842,438
11243,1,531,96,100,100,14363,373
4552,0,653,93,100,95,7166,363
8318,2,519,96,100,100,10061,441
6090,0,505,97,100,100,8066,334
9685,0,358,98,100,100,12773,556
8372,0,385,98,100,100,11085,401
8393,6,722,90,100,100,9396,307
7918,1,533,96,100,100,9649,299
6741,0,637,94,100,100,8613,379
5839,0,456,97,100,100,8408,323
9089,0,531,96,100,100,11582,371
8637,1,452,98,100,100,11724,401
13211,0,496,97,100,100,17665,470
9046,0,443,97,100,100,12539,486
12352,6,449,94,100,100,15474,542
8814,0,511,90,100,100,11496,318
9574,0,453,89,100,100,12856,329
8589,0,649,73,100,95,11243,360
7630,0,457,84,100,95,9379,245
9147,1,521,72,100,100,12053,402
6868,0,534,81,100,100,9480,309
10733,2,533,96,100,100,13786,437
9531,2,479,96,100,100,12208,388
11039,1,492,96,100,100,14628,502
4662,2,511,93,100,100,7239,428
9938,0,387,99,100,100,13210,357
8750,0,427,98,100,100,11461,426
8151,1,516,75,100,100,10995,414
9034,3,618,72,100,100,11649,444
10123,1,501,72,100,100,12879,414
6517,0,662,78,100,95,8756,339
10996,0,555,95,100,95,14609,356
8547,0,517,95,100,95,10970,356
10169,0,623,91,100,95,13326,423
16856,40,378,98,95,100,22229,490
14016,28,364,98,95,100,17353,405
19437,30,291,98,95,100,23603,562
20448,50,344,95,100,95,26647,532
21340,11,310,93,100,100,25117,628
13871,7,267,91,100,100,17929,558
14211,44,344,78,100,100,18032,442
27495,51,131,77,100,100,34670,857
10792,11,594,65,100,60,13430,375
18626,24,323,75,100,100,22218,583
17312,18,292,75,100,100,23468,547
16051,10,269,75,100,100,18660,699
12977,30,389,95,100,100,15960,403
16053,15,279,93,100,100,17147,547
15238,30,387,90,100,95,20274,433
20080,18,279,78,100,95,24657,595
14098,29,324,77,100,100,16732,439
19973,24,156,75,100,100,25416,657
16793,10,257,75,100,100,22261,767
12625,25,461,72,100,95,13779,431
13200,5,321,75,100,95,16023,588
9962,1,382,74,100,100,12776,331
19437,16,156,75,100,100,23225,586
9606,2,457,72,100,100,11531,419
8694,3,446,72,100,95,10722,384
17175,18,281,75,100,100,22323,512
12510,19,487,72,100,100,15908,339
14206,8,512,72,100,95,19642,399
8510,1,406,73,100,100,10819,329
14548,11,526,72,100,100,17891,452
17105,27,438,72,100,95,23879,436
6962,1,388,83,100,95,9030,373
11260,4,399,98,100,100,14511,382
8937,9,428,98,100,100,11100,419
13503,3,298,96,100,100,17766,494
11578,0,286,91,100,100,14470,446
14856,42,212,79,100,100,17613,392
17760,25,262,77,100,100,21988,615
12900,3,314,74,100,95,16626,500
13180,2,333,74,100,95,15213,588
9439,1,238,75,100,100,12106,384
15993,29,363,75,100,100,19540,493
14235,41,273,75,100,100,17877,454
11821,4,290,75,100,100,14231,606
10259,3,391,74,100,95,12224,469
17016,64,318,75,100,100,22216,499
14676,20,218,75,100,100,16710,556
20199,40,598,70,100,95,23285,586
14857,8,217,75,100,100,18583,715
13135,40,453,77,100,100,15027,424
11297,16,490,72,100,78,14312,396
16988,46,354,99,100,100,21847,556
11618,9,469,97,100,100,14174,480
14732,60,382,95,100,100,18519,501
14546,51,403,92,100,100,19169,407
9650,5,505,87,100,100,12386,354
9289,2,289,78,100,95,12160,360
13635,7,389,76,100,100,17497,458
16564,15,316,75,100,100,19868,512
10303,4,426,73,100,95,13276,384
11689,3,240,75,100,100,16050,518
18048,23,252,75,100,100,23975,605
18267,35,227,75,100,100,21083,610
18850,19,231,75,100,100,22636,774
7792,2,230,85,100,100,9817,399
15558,16,337,100,100,100,18513,682
8030,0,381,99,100,100,10750,513
11645,22,445,98,100,100,14079,523
8319,10,292,99,100,100,11146,407
6591,0,442,98,100,100,9497,487
20101,28,248,99,100,100,23069,711
10339,3,431,98,100,100,11831,436
16820,5,255,99,100,100,20734,649
11504,7,443,93,100,100,14061,443
9258,1,567,86,100,100,12064,375
16066,25,406,77,100,95,20937,544
7858,16,411,76,100,95,10643,257
2372,1,439,83,100,100,3256,144
12804,23,470,97,100,100,16601,424
8998,3,403,97,100,95,10794,353
11662,4,340,98,100,100,15487,495
11895,7,292,98,95,100,15148,532
14372,4,389,97,95,100,17502,508
16078,4,392,94,95,95,19392,558
14711,7,251,79,100,100,17791,488
11158,3,315,77,100,100,14077,394
15115,6,316,74,100,100,18664,488
17998,16,471,98,100,100,19545,583
11044,11,486,98,100,100,12700,528
11139,1,526,96,100,100,12665,408
15775,11,641,91,100,100,16276,414
14270,10,548,89,100,100,15051,389
9743,6,617,87,100,100,10496,313
15074,7,521,86,100,100,16991,543
11909,12,508,73,100,95,13851,432
13375,2,508,81,100,100,14660,472
11827,7,587,70,100,100,12111,318
13171,6,625,70,100,100,14290,360
16302,12,547,72,100,100,17715,495
7555,3,448,83,100,100,9262,457
17104,11,542,97,100,100,17411,468
10959,8,769,92,100,95,12157,304
10645,5,604,93,100,95,11600,322
12960,6,552,93,100,100,13644,356
12679,7,674,87,100,95,12851,336
15235,3,516,87,100,95,16984,473
9371,0,459,86,100,100,10546,395
12711,6,629,92,100,78,13528,383
13859,5,627,94,100,95,15141,408
10747,4,443,98,100,100,12268,588
11333,6,510,93,100,95,12570,326
7052,7,644,88,100,100,7583,262
14382,9,561,83,100,78,16297,340
13495,6,678,94,100,100,14918,382
10450,4,578,95,100,95,10954,414
11254,2,634,94,100,100,12419,397
7979,0,649,92,100,100,9122,307
3274,0,839,89,95,100,3940,137
15067,4,480,96,95,95,16999,484
6994,5,676,93,100,95,7671,262
11694,9,660,94,100,95,12416,372
6236,3,715,91,95,95,6622,228
10168,10,597,94,95,95,11261,314
3548,0,788,86,78,100,4336,157
6064,2,792,83,78,78,6476,231
3810,1,929,74,60,43,3952,175
8763,11,755,82,60,95,9450,311
11572,11,676,87,78,95,11989,341
14138,9,520,88,78,100,15535,445
13640,8,625,88,95,100,14795,377
12137,5,573,87,100,95,13476,396
11624,12,557,75,100,100,12537,391
5796,4,648,81,100,100,6525,197
11052,7,712,69,100,100,11800,289
12195,7,525,72,100,100,13025,326
10544,1,656,79,100,95,12273,370
8131,0,464,82,100,100,9330,325
12270,4,698,93,100,95,14250,364
6983,0,796,89,100,78,8323,206
9845,2,568,94,100,95,11054,353
11143,5,656,94,100,95,12327,388
10320,3,696,93,100,95,11593,359
11919,1,715,84,100,95,13801,351
8464,1,618,92,100,100,9186,307
10493,3,742,91,100,78,11646,342
9177,9,548,95,100,95,10415,210
10457,0,743,89,100,100,11804,354
13383,9,699,87,100,95,14989,345
12092,8,625,85,100,95,13391,345
9791,0,668,82,100,100,11351,338
11,0,12,81,100,100,41,1
9285,6,421,97,95,100,10287,223
7835,6,591,88,78,78,8701,202
11925,17,531,90,78,95,12519,211
9846,5,575,89,95,78,11275,213
8195,5,565,94,95,95,8850,164
8128,4,459,93,95,100,8714,151
7617,2,449,98,100,100,7952,161
7210,2,356,100,100,100,8597,156
8884,1,587,96,100,100,10695,202
6790,0,502,98,100,100,8217,152
7174,1,401,99,100,95,8594,161
7071,3,336,100,100,100,8470,147
8683,9,450,98,100,100,9656,167
7612,2,396,99,100,100,9014,174
4708,2,488,80,100,78,4856,184
9251,2,574,96,100,100,10913,230
3369,3,496,95,100,100,3771,153
9999,1,525,96,95,100,11662,225
2847,1,452,91,78,100,3324,104
8368,3,470,86,60,95,10037,183
3320,2,634,84,60,100,3630,137
8269,10,530,85,60,95,9709,181
7181,2,493,78,25,95,8554,159
8662,3,472,83,43,100,9898,195
8900,4,463,84,43,100,9898,185
8832,3,454,88,60,100,9404,182
2965,2,517,84,60,100,2957,122
7295,1,466,88,60,100,9065,156
7384,1,545,90,78,100,9152,177
5697,4,632,90,95,78,6354,217
7121,0,441,97,95,100,8721,185
3218,1,400,92,78,95,3458,124
3974,4,480,87,60,100,3843,124
1357,1,539,84,60,95,1343,58
7242,1,333,89,60,100,9208,155
7636,3,335,84,43,100,9005,150
6412,0,342,80,25,100,7631,140
8664,0,311,81,25,100,10292,163
9637,7,342,85,43,100,10730,157
7531,1,332,85,43,100,8453,158
7368,1,312,82,43,100,7436,142
8312,2,331,84,60,100,10107,155
7796,0,319,85,78,100,9771,146
9497,5,379,77,95,100,11187,163
7946,5,289,71,78,100,9445,137
7245,0,316,69,78,100,8824,143
6958,1,401,72,95,95,8523,130
8892,2,393,73,95,100,10711,149
13290,5,481,72,95,100,13596,282
10519,1,343,83,95,100,10919,228
10163,3,506,70,95,95,10084,231
8399,1,422,83,100,100,9098,207
8497,1,489,72,100,100,10182,168
10954,1,410,74,100,100,11383,259
13500,3,434,73,100,95,15509,275
14065,1,512,72,100,100,15534,313
8976,0,450,73,100,100,11025,199
12656,0,381,99,100,100,13408,307
7633,8,466,96,95,100,8962,133
10806,1,427,96,95,100,11452,245
10167,1,389,94,95,100,10843,240
11566,1,299,92,95,100,12223,308
8117,1,419,89,95,100,10101,173
9066,0,428,77,100,100,10491,242
3089,0,483,80,95,78,3439,123
4292,1,555,94,95,95,4725,182
12944,3,497,95,95,95,13836,252
9164,0,385,93,78,100,9493,227
10939,1,508,90,78,95,11576,255
10888,1,389,94,78,100,11353,220
7661,1,470,85,78,95,8248,156
8725,2,457,88,95,100,9735,209
8388,1,450,77,100,95,10483,173
2247,2,448,83,95,100,2504,97
6852,1,358,99,100,100,8246,160
10290,0,447,97,95,100,10797,248
8869,1,365,98,95,100,9272,216
9735,1,478,95,95,100,9850,220
11118,1,303,95,95,100,11526,228
9754,0,350,92,95,100,10142,195
5100,6,572,90,78,100,6074,278
2134,0,553,84,60,95,3035,156
7908,5,545,85,60,100,9188,345
4506,3,593,83,60,100,5273,271
4233,1,573,74,43,95,5584,287
7064,0,781,65,25,78,8001,236
5170,1,564,71,25,95,6138,250
4104,2,703,64,25,60,4931,218
10012,2,589,79,43,95,11753,348
8698,9,521,81,43,100,10127,396
9332,3,400,88,60,100,10513,418
13335,4,660,82,78,78,16698,358
4114,1,546,84,78,100,5632,264
7113,2,599,70,43,100,8268,283
3906,1,634,63,25,100,5192,262
8004,1,509,71,43,95,9831,327
3326,1,792,72,43,100,4255,166
13418,11,432,88,60,100,15061,525
10722,0,344,94,78,100,14798,538
11881,2,506,94,95,95,13410,457
4092,1,422,89,78,95,5153,256
10882,2,544,95,95,95,13171,397
2645,2,535,90,78,95,3486,146
2845,2,712,83,78,60,3751,202
4543,1,691,82,60,100,5686,251
6019,2,572,80,60,78,6629,307
8330,0,551,82,60,95,10555,369
4671,0,584,89,78,100,6848,395
14144,7,456,91,78,100,17720,423
9166,0,429,96,95,100,11999,469
7656,0,657,93,100,100,9674,345
9286,0,235,96,100,100,12726,428
5171,3,402,92,100,100,6357,329
10431,0,449,98,100,100,12814,484
12233,1,400,98,100,100,14498,531
8796,0,484,95,100,95,11356,520
8245,1,441,94,100,100,11158,315
6773,1,466,97,100,100,8796,410
10332,1,475,96,100,100,13088,659
3001,0,429,92,95,95,4034,185
4178,1,583,80,78,95,5463,264
6381,0,507,86,78,100,7816,253
5494,0,677,80,78,95,6906,265
10862,8,430,93,95,95,12178,444
4065,1,552,93,95,100,5081,249
7306,0,555,95,100,100,9839,387
6447,4,524,95,100,95,7537,350
7327,2,496,96,100,100,8177,375
8104,0,490,97,100,100,9875,312
3384,1,774,90,100,78,4310,177
4659,0,693,89,95,78,5644,278
7233,0,582,92,95,100,9242,468
1796,0,801,80,78,100,2955,172
3931,0,411,81,60,100,5116,268
6086,1,588,75,60,100,7324,307
7528,2,492,75,60,100,9349,353
3342,1,626,77,60,95,4663,235
6217,2,581,78,60,100,7572,344
3386,1,521,91,95,100,4606,249
221,0,129,84,78,100,513,27
1197,0,579,89,78,100,2111,128
5697,1,699,87,78,95,7482,230
2642,0,497,81,43,100,3746,207
3452,0,600,76,43,95,4447,199
3903,0,527,69,25,100,5172,262
5504,0,703,58,1,100,7558,268
3506,0,665,58,1,95,4790,185
4855,0,657,63,25,78,6291,300
6676,1,718,71,43,95,8735,238
2893,0,723,64,25,78,4465,227
2117,1,716,63,25,78,3023,123
2976,1,480,69,25,100,3490,175
1435,0,647,59,25,60,2356,105
3959,0,707,61,25,100,5526,253
9123,2,433,73,25,100,11319,359
5607,0,599,67,25,100,7633,259
3020,0,752,62,25,78,4164,195
3009,0,518,68,25,100,4654,249
5005,0,599,62,25,78,5974,270
4150,0,690,62,25,95,6153,199
10914,0,732,71,43,100,14545,365
7717,1,467,76,60,95,10074,252
10314,0,488,71,78,100,13558,315
9475,0,421,73,95,95,12086,257
12069,2,663,66,95,78,14386,374
5276,0,519,72,100,100,6780,253
9885,2,513,72,100,100,12636,357
664,0,646,78,100,100,1203,78
2668,2,702,91,95,95,3728,169
4356,0,661,87,78,95,5994,213
9175,7,539,90,78,100,10663,315
4212,0,736,76,60,78,6017,213
2941,6,786,74,43,100,3559,116
5054,0,589,68,25,100,6426,237
3957,0,653,66,25,100,5189,246
4505,0,611,55,1,100,5766,265
4100,0,608,56,1,95,5495,202
2543,0,739,51,1,78,3737,211
4916,0,484,57,1,100,6599,235
5380,1,703,54,1,95,6722,209
5244,0,497,58,1,100,7204,267
6216,1,694,58,1,95,8068,284
10852,2,479,72,25,100,11532,389
13897,6,315,76,43,100,15267,419
11711,1,655,64,60,100,13077,477
8300,1,352,68,78,78,9319,227
9502,1,476,71,95,100,10491,291
11950,3,661,68,100,95,11455,330
19084,0,517,72,100,100,20250,596
11261,0,625,94,100,100,11188,450
1797,0,479,97,100,100,2688,161
4450,4,533,94,95,95,4168,165
6416,4,750,90,95,100,7870,299
1921,0,703,83,78,78,3137,173
1286,0,644,79,60,100,2121,133
6168,15,739,78,60,95,6758,240
11022,7,413,88,60,100,10888,360
4747,1,596,84,60,100,5707,173
4637,0,763,76,60,78,5833,288
4931,2,632,83,60,100,5873,258
5823,6,552,85,60,95,6290,237
2654,0,741,80,60,95,3624,177
4122,0,426,79,43,95,5215,207
2343,0,740,65,25,95,3382,176
5947,1,638,69,43,100,6980,286
4595,0,383,74,43,100,5102,204
9234,6,788,72,43,78,9701,306
10462,10,493,96,95,100,12118,450
11080,15,488,96,95,100,12431,446
13509,15,472,96,95,100,15317,458
9773,11,422,95,100,100,11727,437
10613,15,462,98,100,100,11840,441
9300,12,481,89,100,100,10347,399
10637,13,537,96,100,95,11979,453
14085,14,436,98,100,95,16114,610
14586,14,488,97,100,100,16797,527
13893,10,402,96,100,100,15480,515
11732,16,471,92,100,100,12584,474
12102,11,485,89,100,100,13352,443
9292,13,484,86,100,95,10393,378
9718,9,556,97,100,100,11378,425
11953,10,446,97,100,95,13902,482
11451,13,541,97,100,100,13082,489
11971,10,435,98,100,100,14721,489
11302,12,494,94,100,100,13316,474
11802,11,498,92,100,100,13068,461
12508,10,522,88,100,100,14249,497
12772,9,428,77,100,95,14344,520
10789,11,566,83,100,100,12013,450
12469,15,497,97,100,95,13775,463
13546,12,515,97,100,100,15013,525
9726,8,455,97,100,100,11678,408
11074,9,520,97,100,95,13016,457
12939,12,323,100,100,100,14993,525
9399,13,529,96,100,100,10871,425
11456,9,416,99,100,100,13649,519
9962,12,457,98,100,100,11081,434
11153,11,415,99,100,100,12896,468
9921,10,486,98,100,100,11511,438
8959,8,435,99,100,100,10502,412
11086,11,546,97,100,100,12688,492
12423,8,384,74,100,100,14124,471
11387,7,484,97,100,95,13029,461
14345,0,295,98,95,100,15706,517
12991,0,365,98,95,95,16416,500
12577,3,247,98,95,100,13136,408
14030,0,414,95,100,100,16464,489
17240,4,276,94,100,100,19365,619
13391,0,298,91,100,100,15550,506
20053,3,319,78,100,95,22584,607
9120,0,315,86,100,100,11198,345
10862,0,404,99,100,100,12760,552
14797,7,332,100,100,100,16922,478
19662,1,273,100,100,100,23017,582
11080,0,192,99,100,100,12094,415
10035,0,329,100,100,100,11929,533
14892,3,410,99,100,100,16687,457
20114,1,269,100,100,100,22959,605
8212,0,403,98,100,100,9960,411
18238,4,353,100,100,100,20987,555
11442,1,436,98,100,100,14264,471
13092,1,359,99,100,100,15497,529
14856,0,211,96,100,100,17164,531
11987,1,345,94,100,100,14477,416
20819,0,284,98,95,100,25063,597
14050,2,390,98,95,100,16558,461
14944,1,347,98,95,100,17557,478
14629,2,278,95,95,100,16688,528
19586,0,151,93,95,100,23799,579
19127,3,285,91,100,100,21353,573
15525,0,317,79,100,100,18561,525
12665,0,248,86,100,100,13863,519
8741,0,403,99,100,100,9983,334
12883,0,375,99,100,100,15158,501
10798,1,345,99,100,100,12857,469
3076,0,499,96,95,100,4094,206
6549,0,472,92,78,100,7583,259
15994,0,349,93,78,100,17705,544
12097,0,387,93,78,100,14968,451
16471,0,218,98,95,100,18245,621
13286,0,264,95,95,100,14523,510
11655,0,402,91,95,100,13787,486
11504,0,436,98,100,95,13836,418
14960,0,336,99,100,100,17660,502
11285,1,385,98,100,100,13077,401
12777,0,320,96,100,100,15279,517
11192,0,467,98,100,100,13204,465
10388,0,409,89,100,100,12063,498
7688,1,342,99,100,100,8916,378
10464,1,419,99,100,100,12254,368
15036,2,394,99,100,100,18026,449
17321,7,394,99,100,95,20257,483
14481,2,287,99,100,100,17760,528
13334,0,340,96,100,100,15443,452
12591,3,419,93,100,100,14687,417
14177,0,226,90,100,95,16055,518
10451,1,383,99,100,100,13001,439
13864,1,357,99,100,100,16942,408
14256,0,366,98,100,100,17393,464
10542,0,440,94,100,95,13059,385
10820,0,256,94,100,100,12654,361
14636,0,436,89,100,100,17580,487
10862,0,606,83,100,95,14240,428
11793,0,382,86,100,100,13437,495
14860,3,344,75,100,100,17920,475
12225,0,439,83,100,100,14961,407
12381,0,409,74,100,100,15475,422
6939,0,330,83,100,95,7421,301
11344,0,424,98,100,95,12954,411
6862,0,468,98,100,100,8879,468
12888,0,463,98,100,95,15300,400
12697,0,412,99,100,100,15257,446
10600,1,431,98,100,100,13117,353
12766,0,383,95,100,95,15080,424
9004,0,441,97,95,100,10480,403
7178,3,304,98,95,100,9355,331
7544,0,426,92,78,100,9307,302
6230,4,578,87,78,78,7063,226
10993,0,574,92,95,78,13422,395
10892,5,423,97,95,100,13214,370
5691,3,524,94,95,100,7494,330
5580,0,560,90,78,100,7447,338
6424,0,276,89,60,100,7909,269
13447,3,329,93,78,100,15817,478
21405,1,280,94,78,100,24995,548
8894,4,464,89,78,100,10430,353
9795,1,587,85,78,95,12169,456
6013,0,323,98,95,100,7845,363
6675,0,488,96,95,100,9080,352
9596,0,533,96,100,100,12060,352
6358,0,378,99,100,100,8553,406
12911,0,371,99,100,100,16250,436
13129,3,286,99,100,100,15543,422
7945,3,278,98,100,100,9420,304
6527,2,389,93,78,100,8321,325
4543,4,421,93,78,95,5207,224
12677,2,428,91,78,95,15175,425
6640,0,392,89,60,100,8146,300
8318,0,475,82,43,100,10816,428
11264,4,422,85,60,100,13693,497
8608,0,382,86,60,100,10976,360
5811,0,348,97,95,100,8324,368
3831,0,385,97,95,100,5444,307
9342,1,467,87,78,100,11365,409
10750,1,438,97,100,100,13713,447
8108,0,437,97,100,100,10928,379
3228,0,262,98,95,100,4292,168
4302,0,591,87,78,95,5668,222
4355,0,486,83,60,100,5420,204
1416,0,609,77,60,78,2139,112
4271,0,408,74,43,100,5741,249
5910,0,494,64,25,95,7479,263
5510,0,598,54,1,100,7099,282
3421,0,467,57,1,95,4541,202
8374,0,464,57,1,100,9885,370
5135,0,405,59,1,100,7295,349
6660,0,517,56,1,95,7987,243
5984,0,340,68,25,100,8014,256
6358,0,809,54,25,25,8163,267
9112,0,450,74,43,100,11891,444
10497,0,385,82,60,95,13533,392
10060,0,394,90,78,100,12066,380
895,0,822,78,78,43,1614,92
2880,0,578,82,60,78,3956,193
7219,0,540,83,60,95,8749,239
3707,0,367,87,60,100,5115,172
10182,0,467,85,60,100,12697,397
8678,0,394,84,43,100,11143,258
9551,0,429,87,60,100,11483,343
5261,0,341,86,60,100,6978,283
8694,0,468,90,78,100,11168,305
10234,0,377,98,95,100,12687,322
8588,0,306,93,78,100,10328,273
5883,4,513,86,60,100,7080,191
9225,1,452,88,60,100,11892,359
8053,0,334,94,78,100,9652,281
6550,0,765,86,78,95,8459,318
3102,0,768,86,78,95,3898,212
5624,0,605,82,60,78,6938,289
3778,0,754,72,43,95,5065,257
4841,0,521,75,43,95,6188,304
3853,0,774,56,25,60,4905,251
3700,1,619,53,1,100,4654,212
5552,2,665,51,1,95,6470,300
2559,0,670,52,1,100,3582,200
2741,0,594,48,1,60,3283,156
5160,0,724,49,1,95,6121,280
4104,1,733,57,25,95,5286,269
2246,0,739,55,25,95,3262,175
7462,0,655,63,43,95,9522,349
3770,0,591,69,43,100,4532,212
1749,0,852,64,43,95,2441,133
3782,0,575,66,43,78,4649,221
3155,2,831,59,25,95,3769,189
5165,2,746,59,25,78,6204,264
3130,0,609,66,43,100,4398,230
3742,0,610,58,25,100,5101,249
6617,1,590,61,25,100,7217,290
2726,0,610,69,43,95,3941,239
1386,0,677,66,43,95,2125,118
5256,0,794,63,43,95,6346,272
5381,1,656,67,43,95,7347,274
3084,0,686,69,60,78,3813,167
5640,0,705,76,78,95,6497,295
4967,2,686,64,60,43,5554,242
3007,0,667,71,78,78,4094,217
5679,0,858,71,95,60,6929,288
7135,0,559,75,78,100,9071,284
3329,1,624,76,78,60,3691,171
4914,0,595,73,60,78,6535,310
4144,2,726,73,60,95,4905,234
2204,0,584,71,60,60,2496,130
4935,0,701,63,43,60,6596,260
5708,2,769,75,78,95,5943,263
11210,3,559,81,78,78,11806,478
3998,0,465,82,78,95,5475,228
4556,2,739,72,60,60,5681,244
2515,0,779,70,60,43,3502,177
1693,0,755,73,60,100,2562,151
4660,1,488,69,43,100,6304,368
4474,0,502,59,25,95,6293,354
3978,0,686,58,43,78,4927,226
8764,11,503,75,60,78,8985,358
3055,0,743,73,60,95,3963,206
2484,1,732,69,60,60,3154,157
8069,4,551,81,78,95,9126,354
6614,0,473,87,78,95,8167,348
6333,0,383,87,78,95,7887,425
4657,0,231,89,95,100,5940,314
7172,0,636,75,95,78,9045,345
5800,0,634,88,100,95,6951,325
6948,0,639,89,100,95,8163,309
3224,0,667,91,100,95,4486,279
6803,0,477,89,95,100,7947,308
4313,5,695,79,78,78,5201,246
1729,0,555,77,60,95,2512,139
5891,0,490,76,43,100,7229,273
3554,0,860,60,25,95,4694,225
5559,5,525,71,43,95,6358,262
5487,0,719,66,43,78,6905,334
1937,0,684,57,25,78,2620,152
7821,4,544,68,43,78,9214,379
2467,0,664,69,43,95,3392,207
8724,0,526,78,60,100,11107,414
6248,0,442,87,78,95,7148,375
4257,0,811,73,60,78,5773,328
2483,0,474,84,78,100,2995,155
8940,1,644,78,78,95,9192,385
4723,0,553,88,95,100,5911,313
1862,0,269,78,78,95,2282,111
12951,1,386,98,95,100,15713,560
15797,5,596,94,95,100,18213,520
18428,10,270,98,95,100,20357,603
17085,7,485,94,100,100,19266,541
19399,16,374,93,100,100,20393,592
13521,1,317,91,100,100,15387,560
13659,5,448,77,100,100,15697,495
16577,7,509,74,100,95,18122,569
11598,1,405,84,100,100,12504,429
18601,3,403,74,100,100,19448,512
17740,2,296,75,100,100,19443,651
11504,1,442,83,100,100,13319,421
7259,1,473,83,100,100,8630,330
9864,0,568,95,100,100,12280,382
13162,2,409,99,100,100,16098,546
25618,1,364,98,100,100,25650,657
16416,0,350,96,100,100,17716,625
22184,2,329,93,100,100,22749,648
10383,0,600,88,100,100,12410,519
10973,0,423,87,100,100,12090,420
13600,3,463,75,100,95,14570,484
8379,5,548,80,100,95,9516,350
9836,0,496,82,100,100,12119,427
12239,1,527,82,100,100,14337,530
19912,10,302,75,100,100,20778,641
15439,3,428,73,100,95,16670,514
12541,0,424,83,100,100,13723,568
10666,2,544,81,100,100,12324,450
13475,7,425,74,100,100,14596,463
16874,11,581,71,100,95,16537,536
16034,1,296,75,100,100,17758,551
8040,2,496,81,100,95,9684,402
14459,3,277,100,100,100,15979,532
15957,6,446,98,100,100,17743,543
13559,3,354,99,100,100,14868,484
12022,0,496,95,100,100,13312,473
16297,1,412,92,100,95,16899,564
13663,7,462,89,100,100,14717,519
12374,1,462,86,100,100,13358,494
16016,8,450,75,100,100,16971,520
9689,2,585,80,100,100,10667,401
11282,1,566,71,100,100,12805,446
10183,0,567,80,100,95,11827,451
13066,1,369,74,100,100,14876,498
15168,7,453,73,100,100,16832,554
18112,11,344,75,100,100,19357,563
9674,4,552,80,100,95,11332,435
11451,2,438,84,100,100,13407,508
12819,5,372,74,100,95,14578,459
10946,1,524,81,100,95,12742,451
11302,3,537,81,100,100,13416,513
11539,4,632,80,100,100,12957,406
13398,1,423,74,100,100,15786,532
11047,3,511,82,100,100,12778,405
7858,0,570,81,100,100,9503,399
17133,2,366,99,100,100,17958,561
12856,5,461,97,100,95,14642,485
15291,5,455,96,100,95,16720,571
16422,0,439,95,100,100,19474,645
14127,3,495,91,100,95,15142,541
10038,0,521,88,100,100,11801,433
18950,4,395,78,100,100,20289,699
12854,6,415,76,100,100,13595,447
16664,5,574,70,100,95,17386,559
13986,2,502,81,100,100,14906,507
7715,2,513,82,100,100,9193,372
23411,31,490,97,100,100,22874,572
9911,2,631,95,100,100,11779,422
9117,2,588,95,100,100,9691,389
8155,1,537,93,100,100,9546,400
4862,1,662,94,100,100,6240,277
13768,2,491,97,100,100,15187,593
2774,1,121,95,95,100,3164,111
17712,6,474,94,100,100,22054,470
17233,1,454,92,100,100,20940,389
20245,4,461,89,100,100,24180,566
18871,16,400,75,100,95,21169,459
22234,10,366,93,100,100,26149,670
11466,0,544,88,100,100,13349,457
11794,7,557,84,100,95,14081,464
18858,11,590,71,100,100,22758,494
22272,11,481,73,100,100,25148,554
18663,4,475,73,100,100,22493,537
21905,18,539,71,100,100,26056,515
17009,6,427,74,100,100,20720,537
17748,8,379,74,100,100,18932,672
18637,2,375,75,100,100,22463,514
22090,5,478,72,100,100,26136,570
20988,8,466,73,100,100,24681,499
20913,11,464,73,100,100,24184,559
19251,4,529,69,100,78,22679,493
8058,8,507,82,100,100,9347,376
8897,4,560,81,100,100,10212,405
19614,8,561,96,100,100,23557,541
11298,4,642,94,100,95,12756,463
19568,3,365,98,100,100,23733,461
18074,7,528,93,100,100,22107,407
11017,8,554,90,100,100,11600,345
18117,5,519,88,100,100,22041,499
14308,4,542,75,100,100,17313,481
15046,9,553,71,100,100,16901,445
10975,6,631,79,100,100,12603,402
14415,8,594,70,100,100,14995,415
9588,0,492,82,100,100,10857,334
17092,6,443,73,100,100,18125,593
16969,7,410,73,100,100,20703,423
19138,4,434,74,100,100,23280,500
7057,0,464,82,100,100,8011,367
21008,6,468,98,100,100,25142,501
26836,7,393,99,100,100,30456,669
18762,6,521,96,100,100,22205,516
10576,7,364,96,100,100,11961,484
20073,11,369,93,100,100,23568,478
25855,9,387,99,100,100,30145,701
19897,9,518,96,100,100,23418,461
12227,9,523,93,100,100,13393,400
15060,3,402,92,100,100,18478,363
15121,5,566,87,100,100,18278,407
16843,6,559,76,100,100,20131,548
18982,6,421,76,100,100,22242,586
13013,2,415,74,100,100,14839,414
14799,8,507,73,100,100,16726,507
15124,13,547,71,100,100,16717,445
14989,7,556,72,100,100,16815,521
16391,9,518,71,100,95,19408,435
12014,0,414,84,100,100,14018,394
8952,7,620,80,100,100,9787,359
13309,13,558,71,100,100,14695,464
16151,6,474,73,100,100,19152,436
18762,17,421,73,100,100,19929,508
12536,3,405,83,100,100,14262,493
17872,5,425,74,100,100,20631,550
12243,8,400,73,100,100,12776,437
17504,10,525,72,100,100,21178,477
17720,7,470,73,100,100,20615,505
16623,4,404,74,100,100,19441,400
21224,10,520,72,100,100,25069,519
17727,8,571,71,100,100,22016,459
11709,5,575,81,100,100,11992,423
18349,11,440,98,100,100,21402,475
8319,7,519,80,100,100,8872,348
12624,7,442,71,100,100,16064,382
15419,17,506,72,100,100,16352,424
10852,6,523,81,100,100,11718,437
16752,9,526,71,100,100,20645,445
14325,7,562,95,100,100,16727,407
19833,5,519,97,100,100,22855,505
18359,10,479,96,100,100,20603,497
16606,7,488,94,100,100,18775,423
17063,5,512,96,95,100,20319,436
17946,8,619,95,100,95,21108,478
16180,4,542,95,100,100,19227,395
19668,9,583,91,100,100,22847,478
22671,10,495,91,100,100,25783,552
18041,9,424,88,100,100,20936,467
18492,9,396,97,100,100,22054,501
18373,9,445,98,100,100,20944,469
15433,11,552,95,100,100,18352,456
21647,10,487,94,100,100,25403,521
19834,11,425,92,100,100,23716,466
20328,8,459,77,100,100,24048,539
16153,7,376,74,100,100,19266,391
6993,7,762,78,100,100,7819,279
13259,1,347,99,100,100,16983,399
26949,8,377,74,100,100,30529,607
22880,10,436,97,100,100,26412,584
20548,3,467,94,100,100,23673,537
20471,6,452,92,100,100,24441,570
16095,5,476,89,100,100,19260,395
16515,6,402,78,100,100,20329,438
19370,8,504,74,100,100,23356,520
22289,9,439,73,100,95,25198,565
20805,6,506,72,100,100,24676,494
21293,10,459,73,100,100,25055,540
19699,7,507,72,100,100,24376,537
20063,7,432,74,100,100,24088,632
23668,5,365,75,100,100,27411,616
16957,9,366,74,100,100,19628,478
23189,10,453,73,100,100,27054,570
12446,9,508,82,100,100,13825,625
16606,10,426,98,100,100,19204,510
9040,5,527,81,100,100,10201,373
18218,1,471,97,100,100,22427,547
11473,5,530,96,100,100,12826,440
17497,7,379,98,95,95,21430,419
12323,0,599,93,95,95,15485,407
13245,0,325,98,95,100,15751,526
10789,1,500,97,100,95,13937,447
10300,2,458,98,100,100,12294,429
12264,0,450,98,100,100,15162,489
12234,0,338,99,100,100,14691,474
9929,0,481,97,100,100,12032,365
9271,0,527,95,100,95,11991,405
15799,2,463,98,100,100,19757,433
7800,1,430,96,95,100,9784,334
11103,0,411,97,95,100,14420,374
6671,0,494,87,78,95,8492,308
8967,0,490,86,60,100,11586,348
7428,0,623,78,43,95,8591,280
6510,0,461,83,43,100,8476,268
14809,1,452,82,43,95,17994,464
12315,5,440,88,60,100,14282,406
9936,0,266,88,60,100,12139,424
15159,1,435,93,78,100,17667,491
11844,1,433,97,95,100,14291,500
16569,1,431,98,100,100,21321,436
12869,0,569,92,100,100,15420,372
13213,1,344,99,100,100,15600,453
7800,0,527,87,100,95,9781,343
10312,0,471,97,100,95,12828,391
15056,3,448,98,100,100,17970,507
7064,0,471,95,95,95,8663,294
9993,0,503,95,95,100,11398,340
11357,1,545,93,95,78,13260,360
6009,0,656,88,78,100,7445,245
18469,1,469,96,95,100,21324,485
13374,4,509,92,95,60,16380,352
6535,0,596,89,78,100,8624,243
9247,2,568,95,95,100,10296,305
10266,1,641,93,95,100,12489,391
10379,2,555,94,95,95,12636,307
7928,0,420,97,95,100,9795,274
5333,0,696,87,78,95,6654,228
20045,0,400,94,78,100,24106,544
11057,1,334,98,95,100,12615,455
12204,0,426,95,95,100,14997,483
14943,0,212,95,95,100,18289,637
14254,1,527,89,95,100,17573,474
11027,1,487,89,100,100,13137,388
17813,3,391,99,100,100,21404,610
5807,0,467,98,100,100,7463,342
7099,0,500,98,100,100,8948,292
9572,0,621,95,100,100,11933,347
9188,3,550,96,100,95,11129,324
5386,0,495,96,100,100,7408,366
7294,0,526,95,100,100,9578,327
9251,0,496,93,100,100,11505,380
6698,1,456,91,95,95,8633,265
10188,0,553,91,95,100,11524,395
8798,0,509,87,95,100,10969,412
8931,0,426,80,78,100,10709,333
6483,2,554,79,78,100,7632,264
9183,0,586,78,78,100,11135,375
9099,0,458,84,78,95,11321,325
9859,4,653,88,95,78,12111,320
7831,1,461,89,78,100,9682,323
11222,0,613,86,78,100,14218,473
9502,0,522,95,95,100,11996,357
5583,0,501,94,95,95,7347,187
6535,0,646,88,78,95,8344,267
7027,2,551,82,60,95,8404,245
7196,0,649,71,43,78,8911,260
6662,0,571,73,43,78,8574,271
8254,0,607,73,25,100,10792,308
8955,1,664,72,25,100,11189,299
2050,0,555,72,25,95,2726,122
13925,1,566,81,43,95,17910,408
10707,1,477,86,60,95,13575,333
6271,0,651,83,78,78,7122,264
7098,0,593,93,95,95,8097,332
10071,0,521,91,95,95,10386,394
6976,0,603,90,95,95,8392,261
719,0,113,80,78,100,859,41
8681,1,612,93,95,95,10603,353
8791,6,534,94,95,95,10641,328
13732,7,376,99,100,100,16675,457
7094,12,507,97,100,100,8356,286
11007,6,425,98,100,100,13341,387
6219,0,507,97,100,95,8288,250
11299,0,669,94,100,95,14842,487
7394,9,512,96,100,100,8854,319
20330,8,353,99,100,100,24801,547
15558,0,542,97,100,100,17793,618
14004,1,495,98,100,100,15980,565
14612,8,333,99,100,100,17605,496
12903,0,713,94,100,95,15993,449
10312,1,450,97,100,95,13035,426
9389,4,500,96,100,100,11302,372
9385,0,697,93,100,100,11844,496
12076,9,458,98,100,100,14600,400
9019,0,506,96,100,100,11545,286
5568,6,572,92,100,78,6738,212
8459,0,724,93,100,100,11114,438
6770,1,279,99,100,100,9065,391
11698,7,708,93,100,100,14483,492
11527,3,419,98,100,100,15028,476
9333,1,478,97,100,100,12173,284
4345,6,593,94,100,100,5878,246
10348,8,382,99,100,100,11969,246
13938,7,678,94,100,100,17217,571
11364,0,480,94,100,100,15101,394
10811,6,455,90,100,95,12833,379
14246,0,480,88,100,95,18052,538
10749,3,453,75,100,100,13047,351
6987,0,573,80,100,100,9342,208
13559,15,414,98,100,100,15345,373
5250,0,400,99,100,100,6918,310
10817,2,308,100,100,100,13470,383
16290,9,381,99,100,100,20327,441
13260,6,414,98,100,100,16015,382
9140,0,470,95,100,100,11793,298
9670,1,538,90,100,100,12501,335
7174,0,488,87,95,95,9343,193
9834,8,468,97,100,100,11970,243
10627,10,572,95,100,100,12688,315
8478,0,467,97,100,100,11400,282
5588,0,498,93,95,100,7289,340
9513,3,480,96,95,100,12104,342
1883,0,376,93,78,100,2326,81
9060,7,386,93,78,100,11164,238
6504,0,416,93,78,100,8720,205
9512,2,545,90,78,95,12053,287
7636,1,463,87,60,100,9765,217
2121,0,542,85,60,100,2771,137
11311,0,475,88,60,100,14164,343
8144,1,425,93,78,100,9885,211
8394,2,416,92,78,100,10711,245
8687,1,454,96,95,100,11507,233
10956,0,376,98,95,100,14513,264
485,0,569,94,95,100,1017,48
8343,0,493,96,100,100,10980,259
8286,1,396,99,100,100,10345,205
9768,3,415,99,100,100,12249,266
3036,0,554,94,95,100,3784,130
7403,0,443,96,95,100,9931,219
8805,0,491,95,95,100,11508,272
2326,1,553,93,95,95,2878,86
4637,0,498,91,78,100,6177,207
4153,0,421,87,60,100,5393,185
2578,0,554,75,43,95,3707,107
6844,1,423,78,43,100,8836,221
10288,1,486,82,43,95,12570,286
4028,1,848,89,95,100,5174,148
7170,0,558,94,95,100,8264,357
8443,7,686,91,95,95,8795,290
2860,0,678,83,78,100,3307,177
6495,7,536,82,78,100,7437,271
3898,0,795,80,78,100,4757,194
2643,0,847,73,60,100,3056,146
7782,1,687,80,60,95,8265,267
5205,6,759,75,43,100,5536,250
3928,0,935,75,60,95,5048,211
1867,0,680,69,43,100,2274,124
8844,0,830,78,60,100,10938,327
2013,0,835,76,60,95,2583,130
6017,12,710,79,60,95,5968,213
8337,1,756,86,78,100,10482,289
3435,0,674,83,60,100,4086,195
8313,1,774,87,78,100,10816,235
2397,0,819,85,78,95,3315,189
1926,0,802,75,60,78,2622,141
2721,0,629,71,43,100,3554,221
4022,0,625,63,25,100,4884,154
4790,0,635,63,25,100,5369,250
8667,0,738,65,25,95,11202,280
4406,1,792,66,25,95,5210,199
2032,1,715,68,25,100,2544,141
6717,8,748,72,43,100,6466,269
2967,5,795,71,43,78,3284,139
8058,0,717,82,60,100,10118,291
6173,8,777,82,60,100,6464,236
5532,2,803,80,60,95,6016,191
2502,1,785,72,43,95,3284,173
3191,1,725,72,43,100,3662,173
2324,0,785,70,43,78,3343,191
9162,5,553,84,60,100,11173,284
8447,5,576,84,60,95,9474,276
6930,0,792,80,60,100,8482,267
2719,0,137,86,60,100,3024,128
6940,1,665,93,95,100,7689,318
11020,3,565,95,95,100,12873,408
7474,0,543,95,95,100,9382,271
4821,1,460,95,95,95,5671,227
3162,0,641,88,78,95,3977,163
9664,1,450,92,78,100,12005,364
4334,0,603,89,78,95,5847,200
6737,0,534,86,60,100,8305,287
3048,0,534,81,43,100,4103,133
6806,2,515,77,25,100,8146,265
6799,0,517,81,43,100,8609,268
5331,0,449,78,25,100,6287,221
10332,0,482,82,43,95,12780,311
6313,3,445,83,43,100,7269,220
3228,0,629,80,43,100,4130,202
8684,2,510,87,60,100,10754,281
7292,2,427,88,60,100,8658,257
6099,1,567,82,60,100,7864,268
10086,1,494,87,60,100,12006,315
3842,0,711,83,60,100,5493,243
3284,1,566,83,60,78,4297,207
10189,0,516,86,60,100,13033,353
4595,1,632,75,43,100,5491,169
11631,3,619,76,43,95,14337,339
7566,0,419,85,60,95,8977,326
6533,0,396,83,43,100,7965,381
14069,6,354,84,43,100,16302,420
5810,0,467,77,43,100,7254,340
9538,0,680,81,60,78,12473,293
12996,1,432,88,60,95,14604,423
9378,1,337,93,78,100,10652,388
6846,0,532,92,95,100,8197,271
4823,0,624,83,78,100,6167,233
4878,2,613,89,78,95,5816,198
1736,0,608,88,78,95,2669,142
2285,0,613,81,60,95,2949,139
4983,0,534,67,25,100,6362,248
2378,0,529,55,1,100,2818,129
5314,1,553,56,1,100,6373,234
6673,3,520,65,25,100,8243,336
3395,1,494,69,25,100,4174,219
5719,0,526,59,1,95,7025,226
4706,2,531,63,1,95,5492,205
6671,1,620,64,1,95,8016,276
1319,0,598,67,1,100,1936,120
9029,1,503,77,25,95,10751,330
3640,0,701,72,25,78,4609,223
6619,4,510,82,43,100,7994,248
4132,0,508,81,43,95,5372,210
2716,0,456,81,43,95,3243,169
3026,0,533,75,43,100,3647,176
7184,1,391,87,60,100,8425,258
11010,2,552,80,43,95,13264,361
12398,0,555,85,60,95,14386,443
6955,2,471,84,60,100,8216,237
4641,0,361,83,60,100,5713,214
1936,0,590,81,60,60,2646,143
6692,0,575,85,60,100,8384,251
5691,1,582,90,78,100,6929,324
3390,0,568,79,43,100,4416,199
8397,3,598,80,43,100,10415,322
2600,0,732,70,25,100,3612,205
4076,1,634,70,25,100,4662,201
2600,0,774,83,95,60,3239,148
6523,2,793,89,95,95,7785,271
7549,0,653,92,100,95,9463,316
2284,0,850,87,95,78,3010,138
7812,0,510,95,95,100,9443,346
2120,0,613,87,78,95,2381,128
6425,0,579,90,78,100,7698,213
3635,0,723,85,78,100,4513,178
8751,2,607,87,78,100,11762,589
10107,1,416,89,78,100,13417,666
10119,0,539,91,95,100,13031,656
8985,0,489,86,95,95,10578,466
8976,1,450,91,100,100,11215,347
11939,0,515,84,100,100,15648,647
11332,0,445,76,100,100,13330,477
4422,0,643,80,100,95,5436,199
2661,0,545,94,95,95,2990,131
6357,0,774,84,78,78,8238,226
1884,0,762,84,78,78,2756,145
2550,0,805,84,78,78,3220,134
1303,0,840,81,78,60,1722,92
2716,1,756,76,60,78,3282,132
4369,0,798,66,43,78,5487,217
2483,0,739,59,43,60,3276,123
9467,2,676,79,60,100,10620,252
7401,1,798,75,60,100,8261,335
8166,0,532,86,78,100,9458,463
8614,0,760,83,95,78,11163,405
4243,0,750,84,95,95,5364,231
6816,1,604,93,95,100,8116,240
1749,0,813,89,100,95,2414,119
2050,0,596,88,95,100,2803,124
4005,0,720,78,78,95,4790,225
7973,4,789,79,78,78,9282,276
13517,0,491,86,78,100,15825,549
2443,0,652,81,60,95,3036,152
6718,0,753,77,60,100,8196,350
2350,0,790,73,60,78,3129,111
4629,0,865,69,60,60,6191,201
10345,1,587,80,78,100,12629,499
2628,0,532,76,60,100,3371,162
5863,0,532,75,60,100,7157,300
2330,1,781,71,60,100,3015,126
3579,0,660,69,60,78,4567,227
1381,0,782,62,60,43,1838,102
6944,0,727,73,60,43,8667,276
17520,1,400,93,78,95,19022,628
21639,10,435,96,95,95,22712,605
15959,0,422,96,100,100,17710,570
2601,0,675,87,100,95,3304,152
6588,0,650,94,100,95,7831,323
2054,0,606,93,95,95,2166,102
3056,0,606,87,78,100,3690,181
3088,0,708,75,60,100,3813,177
3037,0,742,57,43,78,3664,173
2664,0,550,63,43,95,3141,134
8942,3,640,69,43,100,10150,348
11540,2,726,79,60,95,13734,308
5098,0,806,77,60,95,6356,268
5667,0,745,82,78,78,7035,188
2933,0,889,71,78,25,3250,141
3351,0,831,78,78,95,3879,145
2744,1,855,67,60,60,3112,139
5918,1,713,76,60,60,6718,191
3897,0,953,69,60,43,5236,186
4520,0,878,83,95,78,5416,216
1033,0,682,83,95,78,1395,67
1287,0,862,76,95,60,1971,81
1419,0,570,65,60,95,2100,124
7160,0,700,70,60,78,8949,269
1297,0,976,61,43,78,1714,83
7525,5,648,78,60,60,9286,248
898,0,821,76,78,43,1224,56
1392,0,625,79,78,78,1683,91
5838,2,892,69,60,43,7297,170
5768,0,739,77,60,95,7486,180
4882,0,713,66,25,95,5994,192
1018,0,843,54,25,25,1276,60
2123,0,913,57,25,60,2852,119
1250,0,679,69,43,78,1752,95
6150,0,713,64,25,95,8034,237
1029,0,727,67,43,78,1326,62
2008,0,863,63,43,78,2742,134
2271,3,855,65,43,100,2768,119
4989,0,780,56,25,78,6324,220
1426,0,877,52,25,60,2033,112
6027,0,584,53,1,95,7562,214
6143,0,739,57,25,95,7824,272
8492,0,438,66,43,100,9809,431
3952,0,687,62,43,60,4987,230
1636,0,689,64,43,60,2364,127
4535,0,900,57,43,60,5677,224
4405,0,818,61,43,60,5327,204
8131,0,851,62,60,60,10427,309
1579,0,858,61,43,60,1968,111
1114,0,831,64,43,78,1742,95
3108,0,961,55,43,43,4279,158
5424,0,844,61,43,60,7125,198
3509,2,669,70,60,78,4081,133
2730,0,687,63,43,95,3562,149
8948,1,363,98,95,100,11288,472
11302,0,306,98,95,100,14269,475
12834,1,331,98,95,100,15153,486
12621,3,423,98,100,100,14896,491
13394,3,425,90,100,100,15632,472
20857,15,307,79,100,100,21392,645
10556,0,344,100,100,100,13157,419
11625,0,349,99,100,100,14044,459
17505,4,272,99,100,100,20978,486
16231,1,400,95,100,100,19381,521
16585,0,302,94,100,100,19152,583
8788,0,389,90,100,100,10638,440
3659,0,397,87,100,100,5007,216
14676,3,425,98,100,100,16472,415
16706,0,310,99,100,100,19604,636
15034,5,374,98,100,100,17796,525
6653,0,576,87,100,95,8301,349
13193,4,271,100,100,100,13657,404
15219,1,400,99,100,100,17376,540
14767,0,339,98,100,100,17254,516
11546,0,364,96,100,100,14425,528
10689,0,443,98,100,100,13594,509
7280,0,508,95,95,100,9506,402
5661,0,520,89,78,100,7805,375
9826,0,475,88,78,100,12248,418
4376,0,586,85,60,100,6350,358
10834,0,436,84,60,95,13893,525
15813,0,335,94,78,100,19755,602
11367,0,435,97,95,100,14192,507
8756,0,484,98,100,100,10948,372
10301,1,465,97,100,100,13239,468
8906,0,433,95,100,100,11883,465
6225,0,285,100,100,100,8029,350
8530,0,438,98,100,100,11248,432
8383,1,169,99,100,100,10124,409
9825,0,503,97,100,100,12327,439
13970,2,331,99,100,100,17069,546
13035,0,491,97,100,100,16458,469
13034,0,374,96,100,100,15962,500
7542,0,304,94,100,100,9634,309
10965,1,317,100,100,100,13650,446
10130,0,452,97,100,95,12254,370
17288,5,365,98,100,100,20843,512
16261,1,325,96,100,100,19223,570
14681,0,337,93,100,100,18514,555
9715,1,663,83,100,78,12191,464
10256,0,416,83,100,100,13413,400
13131,0,570,94,100,95,16772,411
4459,0,507,81,100,95,6072,181
9707,1,486,98,100,100,12534,402
16017,1,571,95,100,100,20262,518
11098,0,481,95,100,100,14288,394
11503,1,319,93,100,100,13885,349
9364,0,411,91,100,100,12449,415
13475,2,580,74,100,95,16444,449
11167,0,476,74,100,100,15064,377
9055,1,534,81,100,100,11859,349
8581,1,450,83,100,100,10932,325
5327,2,542,81,100,100,7527,280
19985,3,398,74,100,100,24247,520
8787,0,551,81,100,100,10921,313
3372,0,597,79,100,95,4786,267
7971,0,404,99,100,100,10164,397
6576,0,442,98,100,100,8095,349
8309,0,391,95,95,78,11703,365
1666,0,175,90,78,100,2086,99
28947,2,459,98,100,95,36332,649
28115,6,447,98,100,100,34587,634
29419,4,430,98,100,100,35122,707
22416,1,377,95,100,100,27478,496
25598,3,380,93,100,100,31060,556
27226,4,427,90,100,100,34101,596
29902,7,379,78,100,100,37115,670
25625,2,442,75,100,95,32507,558
19824,3,525,72,100,95,24342,520
25624,0,444,73,100,95,33235,604
28827,8,419,74,100,100,35026,683
27147,7,417,73,100,95,34446,597
16569,0,263,75,100,100,20947,448
29906,4,291,75,100,100,35669,639
26177,0,349,74,100,100,31806,592
20569,1,438,73,100,95,25238,524
26310,3,394,75,100,100,32370,591
18203,0,440,74,100,100,22649,435
22925,1,536,72,100,95,29367,501
23019,1,415,74,100,100,27732,613
9722,1,559,72,100,100,12115,392
14953,0,429,74,100,100,19452,427
25005,6,618,70,100,95,31268,517
21576,1,457,73,100,95,27032,591
6816,0,638,79,100,95,8681,276
26932,3,407,74,100,100,33534,622
23610,2,618,70,100,95,28653,638
31674,7,428,98,100,100,38316,713
22011,2,498,96,100,95,27764,637
26370,4,420,95,100,100,33073,593
27016,16,470,92,100,100,32916,622
17101,1,412,90,100,100,20299,456
16524,1,458,76,100,95,20362,462
32766,6,427,76,100,95,40115,657
23615,0,428,74,100,100,29652,545
26229,0,556,72,100,95,32173,561
28281,1,352,75,100,100,34968,615
18816,0,640,70,100,95,22833,498
7750,0,553,81,100,95,9870,307
2715,0,731,78,100,100,4171,248
13840,1,577,95,95,100,17449,359
26624,2,403,97,95,100,31450,577
10476,0,636,91,95,78,13282,445
18909,2,579,92,95,95,23269,514
19884,1,561,89,95,100,24667,550
16040,0,378,78,100,100,19585,387
26360,5,480,74,100,95,32168,579
30073,5,378,74,100,95,35635,610
21239,0,444,71,100,78,26147,558
28621,27,360,74,100,95,33914,579
25549,0,382,74,100,100,31568,535
29919,2,443,74,100,95,37172,629
24164,7,569,72,100,100,30086,511
28426,5,401,74,100,100,34215,595
18448,2,424,71,100,78,21694,416
2641,0,646,77,100,78,4067,216
30123,1,481,98,100,95,37075,683
22997,2,573,94,100,78,28518,536
6869,0,520,96,100,95,8929,334
11740,0,591,96,100,95,13962,403
16296,3,516,97,100,95,19415,486
3937,0,198,96,95,95,4784,200
44234,149,135,96,100,100,36867,664
46659,137,207,94,100,100,37611,658
45073,47,252,77,100,100,44836,837
12735,1,381,84,100,100,13889,587
22476,1,173,100,100,100,23700,595
13523,10,304,100,100,100,13957,443
18596,8,362,100,100,100,20994,529
21283,8,223,100,100,95,22321,498
33642,34,306,75,100,100,32488,680
20091,1,293,75,100,100,20389,609
21052,5,332,74,100,95,23905,575
5585,1,490,81,100,95,6778,329
11017,2,336,99,100,100,11850,432
13866,9,535,96,100,100,14311,460
4935,1,348,98,100,100,5646,237
8087,1,436,95,95,95,10215,215
14397,6,530,95,95,95,16075,387
13811,0,407,97,95,100,16977,446
17354,3,344,99,100,100,19310,537
10399,6,377,96,100,100,10637,391
22262,3,225,100,100,100,26453,696
23840,16,302,100,100,100,26498,629
7590,0,601,94,100,95,8953,366
7844,1,324,99,100,100,8170,258
17487,1,394,99,100,100,19381,596
12597,10,464,98,100,100,12474,439
12131,3,404,98,100,95,12384,405
9316,0,418,95,100,100,9975,371
10300,6,404,98,100,100,11115,459
11133,0,518,95,100,95,11341,435
10684,3,662,93,100,95,11677,435
7825,2,178,99,100,100,7858,265
22694,2,271,100,100,100,26524,613
20604,6,238,100,100,100,23452,556
16110,11,403,99,100,100,16550,540
511,0,35,96,100,100,585,27
10154,15,644,89,95,100,11032,368
9025,17,480,90,95,100,9386,351
4913,2,638,80,78,100,6543,286
7079,14,709,87,78,100,7838,239
3824,0,565,80,43,95,4842,221
4581,9,795,72,25,95,4443,169
5642,15,704,73,25,95,5933,197
5962,10,773,67,25,43,6166,206
6888,17,802,61,1,60,6550,213
8582,21,748,64,25,43,8171,235
4634,3,617,70,25,100,5457,196
6358,8,754,67,25,43,6801,209
5070,10,645,74,25,95,5393,214
6143,11,693,74,25,95,6304,277
6688,2,598,75,25,100,8671,318
6876,18,641,71,25,60,6471,223
5299,10,672,65,1,78,5326,178
6160,9,657,68,1,95,6822,257
3602,8,631,69,1,100,3781,154
3868,8,858,57,1,20,3694,154
7657,13,661,68,1,95,8305,214
6255,11,739,63,1,60,6438,256
4277,0,626,67,1,95,5346,231
7480,16,652,66,1,78,7852,236
4676,7,645,69,1,100,5034,202
6984,12,559,70,1,100,7343,255
5830,12,600,69,1,95,6217,246
5324,20,722,65,25,25,4873,134
4679,7,709,68,25,78,5184,190
7518,11,575,76,25,95,8051,345
7463,15,587,76,25,100,7769,276
7259,12,487,78,43,95,7578,280
5374,1,676,75,43,95,6405,253
3984,10,730,72,43,43,4024,159
5972,7,636,73,25,78,7281,298
5167,14,768,67,25,43,4971,160
5093,14,597,75,25,95,5275,204
6251,21,629,72,25,78,6220,211
3831,9,627,60,1,43,3816,174
5591,18,788,54,1,43,5106,171
7466,8,583,61,1,95,8765,319
7083,17,591,67,1,78,7650,253
4486,2,712,64,1,78,5087,206
5835,13,561,70,1,95,5521,225
6498,12,625,69,1,95,6814,192
7291,19,635,68,1,95,7832,229
7159,6,673,62,1,78,8444,270
4751,7,631,65,1,60,4985,190
5069,7,514,70,1,95,6068,220
5753,19,765,63,1,60,5056,174
2290,2,773,62,1,60,2787,101
3085,1,844,55,1,43,3532,120
4700,6,682,58,1,78,5078,209
4446,11,713,56,1,60,4861,165
3777,2,811,54,1,78,4706,211
5854,6,596,62,1,78,6730,210
7355,25,548,67,1,100,6097,179
6958,20,621,67,1,78,6552,198
6164,17,459,78,25,100,5844,198
5786,11,803,67,25,78,6629,240
4728,8,647,69,25,100,5527,203
7543,2,571,77,25,100,10275,378
4451,7,502,75,25,78,5008,229
5995,12,530,77,25,100,6177,233
4942,4,661,72,25,78,6316,265
1849,0,431,66,1,100,2655,137
5885,12,493,66,1,95,6594,257
3640,8,641,61,1,78,3922,152
4668,4,507,65,1,100,5207,248
3419,0,570,62,1,95,4684,206
3509,2,467,60,1,95,3788,148
7813,12,678,60,1,78,8092,275
3561,0,667,64,25,95,4393,187
5238,2,619,65,25,95,5912,217
4412,2,614,65,25,100,5255,213
3849,4,478,67,25,100,5113,263
5879,2,632,65,25,95,7008,217
2631,5,557,56,1,95,2888,123
4151,7,456,58,1,100,4791,217
3817,2,657,53,1,95,4852,213
2531,0,656,52,1,95,3198,131
6102,9,719,55,1,78,6816,229
6209,24,476,64,1,60,5442,144
9492,9,666,66,1,78,11112,231
3905,11,725,66,1,95,4163,142
2015,3,581,64,1,78,2297,86
3886,0,778,62,1,60,5049,218
3690,5,608,65,1,78,4072,185
1884,0,650,63,1,100,2516,139
3138,2,638,58,1,95,3846,191
5293,18,450,62,1,78,4877,151
5368,9,731,58,1,60,6135,197
2936,3,518,66,1,100,3754,137
1910,0,622,62,1,95,2716,141
1469,0,497,62,1,95,1828,79
4192,1,610,58,1,78,5315,253
5385,14,479,61,1,60,4791,132
3752,9,620,63,1,100,4169,163
4523,7,412,68,1,100,4916,186
5684,17,594,68,1,100,5175,171
6632,12,579,68,1,78,6501,233
4067,8,461,71,1,100,4598,181
4575,12,484,72,1,100,4851,151
1970,0,561,69,1,100,2807,137
5127,10,561,69,1,95,5435,181
3552,3,563,68,1,95,4368,182
2053,0,718,58,1,60,2855,154
5708,3,639,60,1,78,6995,259
6036,13,642,63,1,95,6606,270
3745,5,610,62,1,78,4258,174
3604,0,553,59,1,78,4762,169
2045,2,464,62,1,95,2537,113
4017,1,556,60,1,100,4776,190
2981,2,554,58,1,100,3475,165
997,0,189,56,1,100,1271,56
6484,8,587,94,95,95,6834,275
6245,2,662,86,78,78,7374,301
17818,3,438,93,78,100,20077,552
11504,0,470,96,95,95,12929,478
20105,9,423,97,95,100,21629,605
15999,6,506,95,95,95,17630,512
8579,3,520,90,100,95,9325,387
3185,1,677,90,95,78,4178,198
2653,0,724,91,95,95,3176,160
17937,9,575,95,95,100,20383,558
5939,8,666,85,78,78,6708,217
7732,4,610,89,78,100,8566,307
18494,8,421,93,78,100,20666,617
9872,6,560,90,78,95,10561,382
8584,2,576,93,95,95,9667,366
7098,2,679,93,100,95,8125,323
17774,10,510,97,100,100,19150,525
8619,12,623,94,100,95,9051,327
2759,1,563,95,100,100,3804,172
1344,1,618,93,95,100,1945,87
443,1,553,83,78,78,963,52
1856,3,890,70,60,78,2424,114
4854,7,806,66,43,78,5502,229
6508,11,640,68,25,95,7353,274
3696,1,715,57,1,100,4708,237
7380,5,687,66,25,100,8748,304
4657,3,666,73,43,78,5206,223
2588,0,698,73,43,100,3075,127
6894,9,621,80,60,100,7656,318
10015,4,571,89,78,100,11066,363
16746,14,483,96,95,100,18554,519
3678,4,678,90,100,78,4131,173
3410,1,720,91,95,100,4031,197
16603,7,392,97,95,100,18696,513
8552,5,560,95,100,100,8969,318
6530,3,619,93,100,95,7442,298
5920,0,598,95,100,100,7643,310
17249,10,444,98,100,100,19053,504
4755,5,643,92,95,100,5133,225
17388,9,452,98,100,100,18466,477
6813,3,647,89,95,95,7804,327
5469,0,610,86,78,95,6158,242
5084,1,744,79,60,95,6066,216
17594,2,513,84,60,100,19583,487
3370,1,689,76,60,60,3609,172
9505,2,598,82,60,100,11116,334
17082,3,542,88,78,78,19292,444
5605,2,750,79,60,78,6719,255
5600,1,647,88,78,95,6329,274
4699,7,755,86,78,95,4664,172
17042,2,434,92,78,100,18534,493
5010,3,732,82,78,60,5440,211
14587,5,526,90,78,95,15932,447
16528,1,525,90,78,100,18771,465
3700,0,752,85,78,100,4927,249
7656,8,602,90,78,100,8267,290
8851,4,612,93,95,95,10276,314
8518,7,636,92,95,95,9387,318
15546,4,484,93,100,100,17391,501
4825,7,623,87,95,95,4907,179
19338,16,405,97,95,95,20040,524
9394,32,661,91,100,78,8162,239
6840,10,720,92,100,95,7035,247
4098,2,691,89,95,100,4539,187
17886,9,402,97,95,95,18842,514
3715,3,791,83,78,60,4153,179
14147,1,426,97,95,95,15813,476
4435,1,710,87,78,100,5865,289
6783,3,611,88,78,95,7392,245
4726,3,689,83,60,100,5531,240
5195,3,704,82,60,100,5887,231
15133,4,481,87,60,100,17441,491
3328,3,707,82,60,100,4085,178
3481,3,600,77,43,100,4713,232
4673,4,789,68,43,78,5519,194
3749,4,583,73,43,100,4742,195
4410,9,720,73,43,95,4195,176
16160,4,520,79,43,95,18531,496
614,2,91,78,43,100,552,22
9593,2,468,96,95,95,10666,407
11575,0,393,98,95,100,13122,582
6383,2,380,93,78,100,8091,389
5419,0,593,95,100,100,7578,374
8478,1,307,99,100,100,9973,431
4877,0,608,94,100,100,7113,409
4490,0,444,96,100,100,6973,438
12821,0,398,98,100,100,14654,563
5322,0,551,92,95,100,7176,399
12202,1,374,95,95,100,13853,502
14006,1,405,97,95,100,15656,650
17839,4,408,97,95,100,18533,584
11780,1,495,92,95,100,13620,573
8313,0,481,91,100,95,10232,480
20445,6,454,98,100,100,21116,586
8150,0,577,96,100,100,10009,447
5630,0,432,98,100,100,7705,440
1665,0,455,98,100,100,3340,273
4850,1,569,92,95,95,6790,336
6236,7,487,92,95,100,7586,393
2940,0,679,85,78,100,4488,268
10357,1,601,84,78,95,12803,587
11928,0,362,90,78,100,13986,533
7934,1,633,87,78,100,9743,477
7206,1,322,93,78,100,9332,477
3800,0,631,93,95,100,5822,364
22769,2,388,98,95,100,22803,618
9515,3,404,99,100,100,11673,684
13724,0,442,98,100,100,15214,506
4374,0,307,96,100,100,6960,425
4229,0,590,93,95,100,6221,409
3675,0,550,90,78,100,6241,408
8186,0,492,95,95,100,9696,484
4800,2,564,88,78,95,5606,248
14489,5,417,97,95,100,15595,622
14525,1,385,97,95,100,17181,614
7485,0,633,89,95,95,9219,423
12038,1,270,100,100,100,13178,570
10738,1,419,98,100,100,13494,708
8190,1,330,98,100,100,9696,468
13468,2,390,99,100,100,15433,688
7357,0,504,97,100,100,9061,457
11275,1,392,97,100,100,12648,471
10444,1,357,98,100,95,11718,481
5852,0,528,95,100,95,7932,359
7043,1,409,98,100,100,10589,608
10604,0,354,99,100,100,14470,749
9381,1,347,98,100,100,11631,605
9529,1,413,98,100,100,11891,604
7106,0,355,95,100,100,8971,466
2975,0,580,86,100,100,4776,314
16259,8,392,93,100,100,16057,529
8838,1,511,94,100,100,10146,403
11865,1,420,97,100,100,12583,425
3779,1,605,90,95,100,5277,305
3714,0,727,86,78,95,4950,248
3104,0,554,84,60,100,5038,313
9966,2,564,88,78,95,10544,376
3807,0,553,84,60,100,4758,254
3978,0,468,78,43,95,4913,263
4934,1,595,67,25,95,6715,366
3836,0,524,68,25,100,5701,310
10292,8,498,79,43,100,11175,397
3545,0,644,75,43,100,4991,283
2420,0,739,62,25,78,3903,216
13689,10,471,80,43,100,14594,485
6951,0,680,78,60,78,8638,328
3577,0,198,84,60,100,4167,189
7037,2,667,92,95,95,9399,281
6215,0,588,94,95,100,9102,245
7074,5,541,94,95,100,10463,272
5286,1,532,92,100,100,8075,294
8082,5,601,90,78,100,11731,320
6206,0,685,91,95,95,8877,253
6458,10,563,93,95,100,9207,325
7561,3,645,88,95,95,10458,272
11546,4,549,89,95,100,16426,397
4980,6,408,88,100,100,6814,195
6660,2,634,73,100,100,9273,303
3939,0,601,76,78,100,6168,305
7848,1,446,91,78,95,11198,341
6202,2,686,83,60,100,8833,251
8294,2,629,82,60,95,11936,292
4270,1,670,75,43,100,6606,244
7240,2,625,84,60,100,9942,289
6086,3,448,87,60,100,8512,340
7530,1,687,83,60,100,10330,366
8298,3,484,88,78,100,11583,361
6216,4,601,82,78,95,8946,272
3204,3,687,75,60,95,5190,211
6525,4,555,90,78,100,9003,287
12433,21,537,89,78,95,15658,436
5899,0,582,94,95,100,8833,339
8892,2,629,93,95,95,12911,379
4592,1,676,88,78,95,6424,255
13020,44,404,97,95,95,16094,375
7001,11,690,93,95,100,10017,316
6886,1,582,93,95,100,10408,284
7578,1,648,90,95,100,11696,328
6689,2,541,88,95,100,9744,284
8525,3,591,86,100,100,11351,316
7463,4,675,73,100,100,11114,276
7655,3,624,72,100,100,11262,289
5594,3,815,66,100,100,7933,292
6721,0,480,73,100,100,8881,291
9992,12,594,71,100,100,12717,385
8964,6,550,72,100,100,11104,334
5462,4,491,73,100,100,7866,248
6589,2,619,68,95,95,9770,309
6814,10,584,70,100,95,9812,341
5604,6,640,69,100,100,8569,315
4589,2,700,77,95,100,6893,312
6243,2,599,94,95,100,8974,354
11541,28,614,95,100,100,16568,365
4348,0,556,96,100,100,7115,348
4025,1,651,89,78,100,5902,256
8162,2,627,89,78,100,12043,345
7228,2,453,91,78,95,10345,271
11983,43,302,98,95,100,15644,374
8146,4,687,89,95,100,11551,275
9553,11,607,89,95,100,14033,340
6929,0,645,84,100,95,9754,249
8950,15,624,74,100,100,12503,335
9194,9,541,74,100,100,12703,392
10441,14,514,72,100,100,14655,341
4314,2,593,80,100,100,6212,240
8967,2,583,96,100,100,13034,330
9835,13,547,96,100,100,14297,416
2944,2,183,93,95,100,4270,101
6782,0,445,97,95,100,9264,315
6137,0,514,89,95,100,8328,283
6143,0,528,90,78,95,8382,308
4304,0,512,91,78,100,5953,274
5575,0,502,86,60,100,7510,247
6650,0,429,85,60,100,8581,299
8017,0,471,87,60,100,10901,339
5289,0,491,79,43,100,7517,247
5798,0,441,80,43,100,8272,273
5885,0,545,85,60,100,8262,284
7005,0,462,86,60,100,8724,319
4211,0,517,86,60,100,5894,287
3176,0,472,77,43,100,4301,220
2787,1,569,66,25,100,4016,225
7162,0,519,71,43,100,9305,317
2150,0,493,67,43,100,3511,211
2201,0,608,57,25,95,3557,174
3966,0,426,62,25,100,5310,223
3144,0,593,58,25,95,4624,246
6699,0,417,68,43,100,9145,338
6405,0,518,72,43,100,8673,257
5953,0,583,76,60,95,8173,286
4639,0,569,75,60,100,6168,315
6525,0,502,79,78,78,8212,351
4419,0,457,82,78,100,5986,224
5682,0,491,81,78,100,6992,312
2845,0,475,77,60,100,4047,220
4832,0,561,66,43,100,5891,225
4769,0,481,62,25,95,6081,293
3791,0,523,60,25,100,5215,286
3718,0,439,55,1,100,5325,271
2893,0,555,51,1,100,4029,217
6820,0,363,56,1,100,8925,335
6981,0,429,64,25,100,8023,342
2642,0,537,58,1,100,3921,228
4839,0,480,59,1,100,6225,318
6301,0,362,61,1,100,8068,392
4853,0,542,57,1,95,6256,317
6804,0,375,65,25,78,8731,394
3544,0,544,64,25,100,4865,234
4315,1,552,60,25,95,5530,235
3588,0,500,61,25,100,5073,218
3632,0,470,61,25,100,4722,230
5629,0,476,66,43,100,7294,292
2102,0,538,60,25,100,2957,171
4108,0,557,54,1,100,5462,234
3652,0,379,56,1,100,4872,211
1983,0,283,56,1,100,2715,157
3820,0,531,52,1,100,5260,273
3580,0,523,58,25,100,5014,224
4879,0,448,61,25,100,6197,235
1304,0,349,61,25,100,2090,134
1715,0,433,60,25,100,2219,104
2093,0,568,57,25,100,3038,167
1666,0,682,53,25,95,2640,157
2863,0,606,53,25,100,4244,262
4226,0,539,47,1,78,5762,231
1971,0,504,51,1,100,2970,138
3505,0,522,52,1,100,4557,188
657,0,515,52,1,100,1327,79
2536,0,642,49,1,95,3793,226
2747,0,647,48,1,100,3856,210
3910,0,635,47,1,78,5235,238
2375,0,491,52,1,100,3557,150
4021,0,544,58,25,100,5131,240
2389,0,648,57,25,100,3558,137
2160,0,507,58,25,95,3080,188
6033,0,593,62,43,100,7568,314
1853,0,620,62,43,100,2681,163
2008,0,575,62,43,100,2958,172
11307,3,366,99,100,100,12995,523
11391,0,555,96,100,95,14077,468
10269,3,451,97,100,100,12520,443
7943,3,437,94,100,95,8700,371
9064,9,624,88,100,100,11388,460
9849,2,385,99,100,100,11634,420
7959,4,584,74,100,100,9422,347
6512,2,461,84,100,100,7918,357
3663,1,573,94,100,95,5169,238
13741,3,397,99,100,100,17586,447
8848,3,379,98,100,95,10585,399
9333,7,374,99,100,100,10163,401
13786,7,309,100,100,100,16274,483
8107,5,445,97,100,95,10186,429
5482,1,447,98,100,100,6615,304
7836,5,584,95,100,100,8680,348
10072,1,445,98,100,100,13253,404
10542,8,424,97,100,95,12902,455
10832,2,382,95,100,100,12829,501
7421,2,429,92,100,100,9332,349
11641,11,410,89,100,95,13740,527
8773,5,344,99,100,100,11076,407
3619,1,650,92,100,95,5138,216
11413,1,408,98,100,100,13668,451
10967,9,389,99,100,100,12930,459
12117,3,305,99,100,100,13564,478
15552,14,312,96,100,100,18952,604
8729,4,485,91,100,100,10319,401
13772,21,340,90,100,100,15104,534
9039,2,302,87,100,100,10973,437
15624,7,313,99,100,95,17634,640
16477,17,368,99,100,100,18668,596
9645,2,340,98,100,100,12462,411
13839,1,340,96,100,100,15891,486
16195,18,415,92,100,100,17777,604
9685,5,494,88,100,100,11243,480
10065,6,424,77,100,100,10760,372
11190,4,547,70,100,95,13795,431
10564,3,364,75,100,100,12547,461
9168,6,246,75,100,100,11230,468
11960,12,243,75,100,100,13928,488
16017,6,215,75,100,100,18788,567
17330,19,206,75,100,100,19438,671
17911,17,286,75,100,100,19640,646
6944,5,617,70,100,100,8278,317
12216,8,437,73,100,100,14596,580
10332,14,493,72,100,95,10788,383
10219,6,302,75,100,100,13598,606
15719,11,244,75,100,100,19142,688
10901,3,381,74,100,95,13949,618
14574,8,236,75,100,100,15897,565
12154,7,451,73,100,100,13719,434
14965,14,417,73,100,95,16678,553
13594,11,351,75,100,100,15849,556
9184,14,690,69,100,100,10357,399
2381,0,470,80,100,100,2990,139
13225,16,352,99,100,100,14234,507
4103,1,654,92,95,95,5275,234
14344,9,426,97,95,100,16018,485
12767,7,598,94,95,100,14982,537
8344,4,371,97,95,100,9994,385
8984,7,521,92,95,100,10279,397
8234,1,542,89,100,95,9619,391
8945,5,444,98,100,100,10406,394
5497,2,477,97,100,100,6872,246
6441,1,476,97,100,100,8139,328
10437,8,297,99,100,100,12238,425
10304,3,493,96,100,100,12214,443
5094,2,381,97,95,100,6144,232
9271,5,492,96,95,100,11392,415
5315,1,420,93,78,100,7377,291
8512,2,524,95,95,100,10692,362
3811,0,589,85,60,100,4941,221
12951,7,393,89,60,100,14971,539
10094,1,295,95,95,100,12418,378
6255,0,739,86,95,100,8001,355
4781,1,683,92,100,95,5866,249
12690,2,406,98,100,100,13277,442
9645,4,372,99,100,100,11083,413
18656,6,324,99,100,100,20996,693
16197,9,325,96,100,100,18115,636
10579,4,538,91,100,100,12191,486
8721,4,550,87,100,100,10205,388
10196,3,567,75,100,100,12182,445
11334,7,290,77,100,100,13429,396
15359,2,358,74,100,100,18027,600
13165,12,438,73,100,100,14667,470
7393,2,506,72,100,100,9092,377
2909,1,614,95,100,100,4085,185
5991,2,573,94,95,100,7325,299
10836,6,479,96,95,100,13714,430
10268,1,429,97,95,100,12658,420
9921,1,517,94,95,100,12785,440
10376,1,503,92,95,100,11652,430
7619,3,475,90,95,100,8807,331
6355,1,540,96,100,100,8280,275
10978,3,576,95,100,100,13877,439
6785,10,361,99,100,100,8855,325
12913,7,443,98,100,100,14315,504
7961,1,538,95,100,95,9397,333
7163,2,717,93,100,100,9030,334
8059,8,660,93,100,95,8605,317
8508,3,573,96,100,100,10061,332
3603,0,411,97,100,100,4922,182
9577,1,343,99,100,100,11782,422
4450,1,546,96,100,100,6209,250
35737,14,410,97,95,100,35255,831
24470,1,256,99,95,100,26601,718
19132,2,254,98,95,100,21606,723
40916,71,331,95,100,95,37198,749
27562,1,240,94,100,100,27334,668
36806,9,388,90,100,100,36250,809
23683,8,312,77,100,100,24396,726
29330,17,381,74,100,100,26677,603
27811,7,249,75,100,100,27683,713
30686,2,205,75,100,100,31516,797
35705,27,280,75,100,100,35626,726
39528,19,249,100,100,100,37835,761
44433,28,423,98,100,95,42434,793
31361,28,156,99,100,100,28713,672
29914,1,354,96,100,100,30198,698
30743,3,507,87,100,95,31370,710
42844,27,377,76,100,95,40871,800
39788,18,391,99,100,100,40127,876
37278,12,336,98,100,95,38539,759
45494,18,229,96,100,100,43667,846
15672,0,769,86,100,95,15989,576
35818,30,321,79,100,100,33430,718
27142,18,525,73,100,95,26681,753
25640,12,437,73,100,100,26868,732
32243,13,428,74,100,100,32419,876
6724,1,761,74,100,78,7760,331
24882,22,656,94,100,100,23573,561
32059,35,342,100,100,100,30899,765
22354,13,591,92,100,78,22969,579
32824,21,226,97,100,100,32486,859
28665,2,342,93,100,100,29410,742
33956,40,269,91,100,100,31825,677
28750,9,451,76,100,95,28326,677
37976,59,266,77,100,100,35944,718
16861,15,553,71,100,100,16773,513
21954,2,353,75,100,100,24347,659
23722,6,550,72,100,100,24012,634
16641,2,573,96,100,100,18594,659
15074,4,542,96,100,100,14838,453
21272,2,456,92,100,78,22848,723
15176,2,635,87,95,95,16886,314
19977,9,421,90,100,100,22027,493
18450,16,559,76,100,100,18113,461
1332,0,36,84,100,100,1437,45
7186,0,480,97,100,100,8775,326
10878,2,738,92,100,95,11779,394
6476,0,524,96,100,100,8214,421
7434,0,336,99,100,100,8688,312
14349,6,470,97,100,100,15110,463
13796,2,482,97,100,100,15483,506
10743,3,614,94,100,100,11371,409
10080,2,566,93,100,100,11803,403
6278,1,543,91,100,100,7546,331
10335,2,499,97,100,100,11694,482
8852,1,489,97,100,100,11238,329
7874,0,553,95,100,100,9452,393
14932,11,416,99,100,100,16882,578
8366,1,584,95,100,95,9513,334
13668,0,425,97,100,95,16354,654
12495,0,368,93,100,100,13899,636
13858,0,509,97,100,100,15072,487
14737,0,455,98,100,100,16113,584
16812,0,348,99,100,100,19915,608
10398,0,554,94,100,100,12292,423
8694,0,673,92,95,100,10603,439
4197,0,636,93,95,95,5209,271
2367,0,882,84,78,100,3792,200
5869,1,592,84,78,78,7110,336
2970,0,575,77,60,100,4075,228
6759,0,495,76,60,100,8186,361
3269,0,621,77,60,100,4067,246
8386,0,663,79,60,100,10426,323
7654,2,381,92,78,100,8789,286
7430,0,674,87,78,95,9324,304
6615,0,684,87,78,95,7885,292
3621,0,744,86,78,95,4147,235
4087,0,670,82,60,100,5575,346
7346,0,485,90,78,100,8929,314
6579,0,709,77,60,60,8111,291
10487,6,625,83,60,95,11650,343
8761,0,380,86,60,100,10572,383
5031,0,673,82,60,100,6475,248
4725,0,720,82,60,100,6533,267
14738,1,283,89,60,100,18674,610
14165,2,504,91,78,100,16663,647
7854,0,693,92,100,78,10909,352
10520,1,569,93,100,100,13217,431
14853,0,455,92,100,100,18277,529
7014,5,553,88,100,100,8412,360
11724,0,310,99,100,100,15156,518
12436,2,598,94,100,100,15171,468
7908,0,530,91,100,100,11056,393
12153,16,387,90,100,100,16653,545
10931,17,509,75,100,95,15142,493
9865,20,545,71,100,100,14772,526
15885,31,499,72,100,100,21967,633
9758,20,407,74,100,100,14182,461
8445,6,512,72,100,95,13256,458
12944,10,434,72,100,100,16534,688
11294,15,512,72,100,100,16049,489
9180,9,457,72,100,95,13314,499
9538,3,548,72,100,100,14278,563
11192,34,505,72,100,100,15422,488
10340,9,358,74,100,100,15464,674
6450,0,309,84,100,100,9535,460
12015,20,477,97,100,100,17088,557
12368,13,406,99,100,100,16842,588
21118,8,265,98,100,95,24967,874
15975,4,366,96,100,100,20493,743
16268,2,283,93,100,100,20544,866
16570,18,559,87,100,100,23429,709
6805,5,403,87,100,100,8940,370
10573,0,391,99,100,100,15220,590
13220,14,444,98,100,100,17965,525
12758,10,476,96,100,100,17280,486
4556,2,565,93,100,100,7095,412
9413,5,539,96,100,100,12559,546
5709,6,616,94,100,95,8886,414
7081,12,627,95,100,100,10639,348
8979,6,603,95,100,100,12905,461
13146,34,354,99,100,100,17860,576
13225,26,485,97,100,100,18449,552
7280,2,409,96,100,100,9632,501
10620,13,550,97,100,100,12934,496
9599,27,544,85,100,78,13889,471
11800,17,504,75,100,100,16162,452
12115,30,468,75,100,100,17220,552
11411,39,645,69,100,95,16170,474
11221,44,631,70,100,100,14855,381
13313,25,497,72,100,100,18563,533
10340,8,401,73,100,100,14412,441
13063,41,578,71,100,100,17791,499
14139,54,544,71,100,95,15773,508
19795,74,502,72,100,100,24004,613
20532,81,478,72,100,100,25328,660
9287,36,402,74,100,100,12684,332
17353,108,613,71,100,100,19655,498
16211,89,633,69,100,95,19988,436
15896,96,446,73,100,100,19270,477
21266,105,376,74,100,100,25580,652
13718,5,487,73,100,100,19002,643
1501,0,121,83,100,100,2228,97
11880,1,500,96,95,100,15302,356
11930,1,371,98,95,100,14537,351
8166,0,567,90,78,100,10793,283
8632,1,583,90,78,100,10778,283
11953,0,516,91,78,100,14795,380
13172,1,505,92,78,100,16295,397
11052,0,430,94,95,78,13802,345
10386,1,480,93,95,100,12525,342
10544,0,551,89,95,95,13160,325
11608,1,483,88,100,95,13429,351
11502,0,518,96,100,100,14097,377
13629,1,439,97,100,95,15997,577
12858,0,499,93,100,100,15182,424
10203,2,441,92,100,100,12351,333
11217,3,443,89,100,100,13082,384
9422,1,543,85,100,100,12133,284
7847,0,460,83,95,100,9202,327
11147,0,509,95,95,100,13454,399
10737,2,411,97,95,100,12947,377
10678,1,565,94,95,100,12799,314
8914,0,610,88,78,95,10862,281
9683,2,516,95,95,95,11962,324
11134,1,522,95,95,100,14106,316
6754,0,604,89,78,100,8922,229
9741,1,483,98,100,100,11799,305
8645,0,557,95,95,100,11168,259
11816,0,381,97,95,100,13685,526
10495,2,632,90,95,100,13094,377
9997,2,489,91,100,100,12210,311
10619,0,402,99,100,100,13245,322
10778,0,396,99,100,100,12682,483
8499,1,397,98,100,100,10705,278
6765,0,501,97,100,100,8741,170
5695,0,498,96,95,100,7231,235
10775,0,443,97,95,100,14124,309
9024,1,545,87,60,100,12000,286
6862,0,459,83,43,100,9357,165
8214,0,479,79,25,100,10558,262
12390,0,435,79,25,100,15591,367
9656,0,509,78,25,100,11719,278
8701,0,437,83,43,100,11188,244
8324,0,402,81,43,100,10765,287
8737,0,362,85,43,100,11667,281
9164,0,443,84,43,100,12134,321
7763,0,469,87,60,100,10243,268
8322,0,513,82,43,100,11182,247
7608,0,431,84,43,100,9783,261
4682,0,525,82,43,95,6129,228
8174,0,453,83,43,100,10575,251
9764,0,409,84,43,100,12324,308
8449,0,500,82,43,100,11218,309
7119,0,522,82,43,95,9525,238
6702,0,494,78,25,100,9187,196
8989,0,442,84,43,100,11395,288
7559,1,441,79,25,95,9673,221
472,0,32,79,25,100,669,31
6595,1,389,94,95,100,7629,301
7951,0,407,97,95,100,10358,399
5911,4,522,96,100,100,7090,262
8392,2,503,96,100,100,9656,393
6900,4,600,94,95,100,8144,291
8261,6,494,96,95,100,9545,381
10026,5,595,95,100,100,11731,377
7070,1,554,95,95,100,8150,318
7812,2,429,93,78,100,9546,272
7007,2,488,91,78,100,8690,356
8703,5,408,92,78,100,10854,379
4813,4,435,92,78,100,5976,237
8906,1,541,90,78,100,11017,355
9807,3,413,93,78,100,11178,415
16747,4,395,97,95,100,18808,560
5278,2,448,93,95,95,6343,220
9182,1,342,98,95,100,10896,433
4230,2,629,88,78,95,5763,273
5372,1,438,92,78,95,6874,272
8065,2,476,87,60,100,10273,356
3813,2,640,83,60,95,5295,213
11017,0,496,91,78,100,13783,428
8555,7,471,90,78,95,10462,329
8274,1,404,94,95,100,10329,309
6429,4,592,88,100,95,7819,249
9430,0,395,97,95,100,12268,405
11701,2,450,98,100,100,13388,468
6800,6,489,96,100,100,8371,273
6369,2,459,96,100,95,8114,253
9256,3,604,94,95,100,11460,241
11791,3,451,97,95,100,14683,376
8532,1,520,88,78,78,10492,328
4683,5,559,84,78,43,5306,165
3691,0,670,81,60,78,4610,152
6849,4,650,86,78,78,7974,282
6124,0,531,86,60,95,7252,305
8779,2,548,86,78,60,10018,316
9071,2,370,88,60,95,10664,402
9155,7,588,85,60,100,10461,324
7230,3,464,90,78,78,8134,329
5331,0,694,86,78,78,6949,266
5098,0,505,89,78,78,6674,214
7995,1,405,95,95,78,10177,418
5681,0,648,92,95,95,7111,273
7592,2,466,88,78,100,9023,311
5330,2,634,78,60,95,6296,244
6142,0,480,81,60,100,7538,277
10023,4,519,85,60,78,11705,354
7475,2,518,91,78,100,9473,277
4044,4,650,83,60,95,4854,140
5263,2,677,81,60,78,6394,166
11286,0,561,86,78,60,12955,398
8399,4,583,93,95,100,9685,270
4035,0,545,85,78,78,4954,182
5470,5,709,81,60,78,6408,169
4392,3,627,80,43,100,5277,166
4359,0,455,82,43,95,5544,200
4231,3,462,82,43,95,5279,148
7125,2,615,79,43,95,8924,274
4021,0,600,72,25,95,5112,165
4246,3,670,68,25,60,5075,181
3931,0,506,70,25,95,5105,174
10474,8,558,78,43,100,10585,319
5225,0,736,75,43,95,6657,246
4450,2,681,75,43,95,5290,176
5815,0,771,88,95,78,7544,233
769,0,719,80,78,43,1241,80
1789,0,798,77,60,95,2486,133
3597,0,770,75,60,95,5087,294
6501,0,412,77,60,100,8897,465
7779,0,399,74,60,100,9702,496
9375,0,654,76,78,60,12661,450
6618,0,499,88,95,100,8055,239
9907,3,574,85,100,95,12476,409
5328,0,636,83,100,100,7635,305
9278,0,689,93,100,95,12377,404
4627,0,629,95,100,100,6462,263
6350,0,379,99,100,100,8375,339
10879,2,594,95,100,95,13812,479
2331,0,896,86,100,78,3954,236
7160,0,793,85,100,78,9881,292
7706,0,655,93,100,100,10031,364
6200,0,524,90,95,100,8457,388
6151,0,599,94,100,95,8276,294
4435,0,624,91,95,100,5973,337
8353,0,687,91,95,95,11256,363
9336,0,628,94,100,95,11970,417
5859,0,748,89,100,78,7938,300
2477,0,663,92,100,95,3945,253
8823,0,657,93,100,95,11489,362
5661,0,664,91,100,78,5987,268
9048,0,532,93,100,95,11850,356
2140,0,839,84,95,78,3636,236
3947,0,745,81,78,60,5396,304
8946,0,613,93,95,100,11629,354
4003,0,657,85,78,95,5710,342
2393,0,706,75,60,95,3535,199
5086,0,920,62,43,78,6789,305
2497,0,636,72,60,100,3651,221
2216,0,732,68,60,100,3503,194
1471,0,856,57,43,60,2857,177
1811,0,848,50,25,95,2955,181
3151,0,559,54,25,95,4568,248
7103,0,622,60,43,95,9137,338
4106,0,752,55,25,100,5344,255
10677,0,403,68,43,78,13872,502
2096,0,819,68,43,100,3260,179
6045,0,599,81,78,95,8098,224
6229,0,858,78,78,78,8164,273
2422,0,1031,66,78,43,3849,230
6496,0,675,76,78,100,8305,327
17625,1,421,97,95,100,21664,432
15597,0,434,97,95,100,19062,447
9795,0,464,96,95,100,11947,218
12865,2,509,93,100,100,15919,298
13812,2,463,91,100,100,16604,410
16771,3,543,87,100,100,20376,391
16257,2,395,78,100,100,19837,409
11776,0,497,74,100,100,15166,316
13265,0,415,83,100,100,16218,491
11257,0,477,72,100,100,14164,244
14012,0,394,74,100,100,17290,398
16922,0,420,73,100,100,21325,367
23141,7,387,74,100,100,27762,476
20489,7,375,74,100,100,24526,462
14258,1,474,73,100,100,17111,468
14927,0,355,74,100,100,18252,417
8347,0,445,83,100,100,9991,327
15376,0,300,99,100,100,18416,359
18725,7,491,97,100,100,23379,499
15185,6,409,98,100,100,18613,381
20198,2,365,96,100,100,24752,551
13614,2,294,94,100,100,16391,394
16139,0,389,90,100,100,19161,450
15023,1,448,77,100,100,17954,347
18501,1,340,76,100,100,21362,452
21718,10,290,75,100,100,24527,599
18114,0,369,74,100,100,18629,578
20003,0,350,74,100,95,19790,552
28160,1,197,75,100,100,27575,733
26373,1,286,84,100,100,26630,716
16877,0,223,75,100,100,18764,670
13127,0,287,84,100,100,14818,483
9930,2,403,84,100,100,11668,413
17001,3,388,74,100,100,19694,454
14352,4,430,73,100,95,16900,368
17306,4,399,74,100,100,19858,384
15436,0,364,74,100,100,18177,351
16811,6,476,73,100,100,19152,418
14027,2,236,75,100,100,17532,355
9246,1,532,69,100,78,11315,251
15295,0,568,71,100,100,18664,378
17336,1,438,74,100,100,20063,411
13162,0,307,84,100,100,15533,357
15634,3,461,73,100,100,18107,356
9946,0,406,74,100,100,12112,212
16475,4,431,72,100,95,19136,351
15864,6,521,72,100,100,18383,316
15943,2,421,74,100,100,19005,362
15638,1,439,73,100,100,17838,331
12456,0,312,75,100,100,14304,283
13164,7,548,71,100,100,15449,269
16184,0,367,74,100,100,18888,331
12476,4,443,73,100,100,14516,274
16203,16,353,75,100,100,18189,401
14691,2,382,74,100,100,17527,303
10672,2,537,81,100,100,12365,249
14459,3,434,74,100,100,16685,314
10372,11,508,81,100,95,11670,199
16780,4,386,74,100,100,19695,428
16969,3,343,75,100,100,20059,447
7523,5,608,80,100,100,8852,273
5246,0,459,82,100,100,6929,171
13855,1,391,84,100,100,16745,494
6633,0,793,72,100,60,8725,334
8751,0,540,96,100,100,11566,371
1184,0,110,99,100,100,1458,46
15466,12,533,95,95,95,16761,446
15385,4,430,97,95,100,17606,459
15536,11,532,94,95,100,14971,407
17436,9,490,93,100,100,18646,460
15350,9,451,92,100,100,16624,382
15603,9,576,84,100,78,17362,409
17375,8,545,74,100,95,18999,475
15614,7,584,72,100,95,17292,421
10237,4,746,75,100,78,11323,440
13009,8,323,99,100,95,13367,381
16073,6,495,97,100,100,17662,465
16438,8,497,95,100,95,17817,462
14682,9,531,92,100,95,16031,424
14719,6,517,90,100,95,16166,431
15530,3,538,85,100,78,16733,473
14520,4,467,77,100,100,16331,442
15349,21,560,69,100,60,15032,414
17031,6,455,73,100,100,18638,492
16017,8,436,74,100,100,17734,511
14259,7,438,73,100,100,15793,406
18475,17,514,71,100,95,19516,457
16685,9,484,72,100,95,18690,518
14307,10,482,73,100,100,15473,514
14981,19,511,72,100,100,14726,416
14063,4,624,70,100,95,15089,424
14838,8,384,74,100,100,16247,380
13949,6,550,67,100,60,16011,419
13203,5,555,71,100,100,15161,412
14372,5,566,70,100,95,16262,425
16444,5,573,71,100,100,19136,475
15090,23,424,73,100,95,14700,408
17023,7,404,73,100,95,18400,539
14993,5,419,74,100,100,16557,504
15824,13,465,73,100,100,17912,496
11363,7,580,80,100,100,11844,415
14630,9,399,74,100,100,16590,448
19401,25,476,72,100,100,20783,522
14414,12,589,80,100,100,14839,473
19027,8,405,74,100,95,19931,602
16567,11,451,73,100,100,16905,500
19497,16,396,74,100,100,20831,511
18050,10,441,74,100,100,19203,524
19168,9,511,72,100,100,20894,509
23193,31,396,74,100,100,23668,554
11739,9,487,82,100,95,11625,369
18915,8,367,74,100,100,19678,549
15062,7,481,72,100,100,16698,447
15125,6,494,72,100,100,16713,491
15181,4,598,71,100,100,16936,458
13084,4,398,84,100,100,13994,442
22425,14,385,74,100,100,24182,587
11271,7,546,81,100,100,11600,393
19299,9,437,73,100,100,20842,518
2657,0,282,97,100,95,17522,134
16499,3,371,98,100,100,18131,516
15763,3,574,92,100,100,17317,533
14186,9,517,90,100,100,14922,436
16096,8,512,88,100,100,17627,481
10716,6,581,84,100,100,10984,377
15939,8,405,76,100,100,17237,465
15064,1,532,71,100,95,16577,451
11721,3,518,80,100,95,12143,444
10911,3,682,94,100,100,11801,462
14202,19,539,96,100,100,14439,406
6487,4,578,95,100,95,6842,247
9184,11,635,91,100,60,8711,317
9067,5,792,86,100,43,9409,327
9162,6,544,92,100,60,9495,339
12863,5,476,97,100,95,13474,500
10295,4,603,95,100,95,10942,402
10853,6,589,94,100,95,10835,381
12248,10,564,94,100,78,12167,401
9096,8,647,93,100,95,8919,292
12526,6,528,93,100,95,12905,442
18618,20,430,77,100,100,18842,490
9734,3,607,79,100,78,10336,383
10450,5,636,94,100,95,10725,354
6535,2,790,90,100,78,6934,271
13777,3,566,95,100,95,15551,425
15544,3,454,98,100,100,16025,495
11181,9,449,97,100,100,11696,432
15791,23,593,95,100,95,15543,423
7178,5,631,95,100,100,7790,323
11513,6,570,95,100,95,11653,371
11042,7,510,97,100,100,11481,353
8165,4,606,92,100,78,8611,329
9606,7,611,91,100,60,9910,334
11300,9,689,91,100,78,11314,386
16714,17,394,98,100,95,16149,465
8822,1,561,90,100,78,9718,380
8597,5,717,91,95,95,9576,339
11271,6,664,90,100,60,12088,416
11149,5,519,97,100,100,11419,442
11905,8,518,95,100,78,11776,392
17419,2,537,96,100,95,17583,599
17488,10,392,99,100,100,18453,586
19990,25,360,78,100,100,20019,614
10259,6,512,91,100,100,11080,393
17129,11,459,98,100,100,17050,530
12964,8,568,96,100,95,13353,443
12482,6,463,97,100,100,12803,464
10991,6,576,92,100,100,11237,376
8848,4,588,89,100,95,9392,386
8204,1,693,75,100,78,9109,425
11809,12,551,96,100,100,12094,359
9317,4,524,92,100,60,9595,401
9510,1,485,97,100,100,10090,360
10442,4,611,94,100,95,10654,381
18573,2,670,91,100,100,22725,531
14045,5,550,87,100,100,16861,458
16743,4,598,75,100,100,19533,516
5704,1,687,94,100,100,7081,269
13760,3,667,94,100,100,16015,442
13368,0,573,96,100,100,16615,434
11536,2,571,95,100,100,14236,355
14822,5,678,91,100,100,17578,469
16294,2,535,91,100,100,20058,470
15171,1,574,86,100,95,18475,381
15131,4,730,70,100,78,18525,426
12607,2,664,69,100,100,15557,311
5551,1,679,78,100,95,6960,212
15198,8,742,92,100,95,18155,389
13672,5,564,92,100,100,16391,385
11565,0,486,90,100,100,14583,267
18070,5,677,73,100,100,22825,433
20156,9,488,72,100,100,23969,555
15617,5,710,69,100,100,18603,394
7487,1,692,78,100,100,8777,300
14075,3,612,95,100,100,16743,447
12122,2,632,94,100,100,14977,341
10276,2,766,91,100,95,11400,303
19511,8,616,91,100,100,22554,441
14375,4,560,89,100,95,16819,393
14950,9,764,83,100,100,17286,372
15675,1,607,74,100,100,20081,366
15424,2,584,72,100,100,18760,411
11853,1,519,72,100,100,14819,351
17353,2,588,70,100,100,20823,452
15486,1,678,69,100,95,18478,438
18259,2,641,69,100,100,22356,473
10029,3,649,79,100,100,12436,301
14201,9,599,70,100,100,16488,423
15565,9,666,69,100,95,17772,427
7818,0,722,78,100,100,10449,260
18136,3,678,94,100,100,21253,447
14869,5,484,96,100,100,17668,348
9886,4,574,92,100,95,11925,297
14625,3,586,96,100,100,17293,407
11016,2,559,96,100,100,13914,355
18084,5,598,94,100,95,21647,465
16156,3,743,89,100,100,18869,429
9968,1,620,87,100,78,12200,279
11075,1,544,85,100,100,13896,322
18842,6,637,71,100,100,22674,438
11992,10,420,74,100,100,13926,318
12028,0,649,69,100,100,14534,374
10884,0,687,69,100,95,13568,344
12941,1,618,70,100,100,15207,417
7857,1,506,81,100,95,9253,296
14252,1,616,94,100,95,17361,389
15318,3,604,95,100,100,17937,416
5930,1,747,92,100,95,7411,260
13527,2,602,93,100,78,16149,415
5022,2,677,93,100,100,6038,214
13908,4,548,96,100,100,16279,331
10902,1,612,91,100,100,12942,308
12942,2,641,88,100,95,15882,341
13569,4,564,86,100,95,16799,329
12890,3,617,74,100,100,15367,381
10156,3,651,80,100,95,11473,321
8694,0,621,90,95,95,10631,481
8933,0,250,99,100,100,15236,295
6328,0,489,98,100,100,8183,445
5642,0,377,99,100,100,7314,368
6082,0,596,94,100,100,8378,445
7148,1,627,93,100,95,9494,351
8876,0,582,90,100,60,10951,369
16450,11,546,96,100,95,17450,638
17013,15,422,98,100,100,17451,450
13293,3,353,96,100,95,14204,565
7664,1,359,93,100,100,9625,435
13482,1,413,99,100,100,16828,540
6099,0,676,93,100,95,7627,284
8174,0,422,98,100,100,9615,413
3853,0,457,93,95,100,4680,223
8771,0,491,93,95,95,11540,285
4015,0,270,99,100,100,5309,320
1638,0,529,87,78,100,2410,125
4200,1,604,76,60,100,4783,231
4656,0,429,74,43,95,5625,215
5208,0,498,68,25,100,6469,329
3703,1,463,63,25,100,4735,216
6123,0,522,62,25,100,7868,395
6435,0,617,74,78,95,7861,397
2864,0,337,78,78,100,3816,206
4892,0,478,72,60,100,5952,256
3732,0,563,70,60,100,4786,214
3957,0,518,66,43,100,5276,257
3200,0,713,56,25,95,4691,263
2323,1,504,54,1,100,3430,214
2165,0,630,50,1,100,2836,153
7825,2,571,58,25,100,9670,453
5285,0,373,71,43,100,6714,327
6885,0,578,73,60,100,8444,447
3889,0,510,80,78,100,5427,291
1621,0,402,80,78,100,2510,155
13071,1,472,93,95,100,16177,404
6469,0,423,91,95,100,7967,389
4861,0,503,84,78,95,6262,330
3358,0,380,86,78,100,4421,229
2373,0,471,76,60,95,3103,162
4863,0,377,72,43,100,6669,397
4495,0,480,69,43,100,5563,257
3685,0,611,57,25,100,4668,249
3587,0,633,52,1,100,4702,250
2299,0,557,65,25,100,3418,170
12240,1,533,79,43,100,14943,302
927,0,411,81,43,100,1558,96
2817,0,550,77,43,100,4368,255
2296,0,581,77,43,100,3263,195
5872,1,616,77,43,100,7331,329
2979,0,618,76,43,95,4291,186
20029,0,366,82,43,100,24733,395
4594,0,522,79,43,100,6161,287
2823,0,627,77,43,100,4207,253
3414,0,478,72,25,95,4723,247
3112,0,464,72,25,100,4213,218
1538,0,592,65,25,95,2586,151
3378,0,602,62,25,95,4540,226
2638,0,626,50,1,100,3743,215
9800,0,553,67,25,100,12650,359
6384,1,520,73,43,100,7673,376
3654,0,722,73,60,100,5094,301
8695,3,428,89,78,100,9689,370
4517,0,525,87,78,100,5667,325
11431,1,626,92,95,95,13443,369
4163,0,486,95,95,100,5197,269
3973,0,576,90,95,100,5277,262
5942,0,506,94,100,100,7617,310
5663,0,601,91,100,100,7599,432
6436,0,540,85,95,100,7959,336
4589,0,432,86,95,95,5515,215
2384,0,301,84,78,100,3304,198
2663,0,538,75,60,100,3784,210
3230,0,528,74,60,100,4506,244
9386,1,603,78,60,95,10417,350
2142,0,314,79,43,100,2687,134
7551,0,628,79,60,100,9038,329
4223,1,517,77,43,100,5343,254
2528,1,498,76,43,100,3507,206
7637,1,600,81,60,100,9220,300
11439,3,521,90,78,100,13896,350
2488,0,558,87,78,100,3615,216
5434,0,617,90,95,100,7326,266
2804,1,417,94,95,100,3610,161
2404,0,494,85,78,100,3498,193
4330,0,675,72,60,100,5684,267
4810,0,327,63,25,100,6787,273
3414,1,408,67,43,95,7072,227
3144,0,848,54,25,78,4280,198
3199,0,454,73,43,100,4085,200
3335,0,538,72,43,100,4725,281
4383,7,626,88,78,95,5146,210
4586,7,451,88,60,100,5149,218
4822,13,534,81,43,95,3813,112
3830,12,376,78,25,95,3261,119
6753,0,584,76,25,100,8567,278
2731,3,474,77,25,95,3540,128
14816,0,504,82,43,100,18621,463
4086,8,577,77,43,78,4680,134
8733,6,553,85,60,100,10383,334
6603,13,342,94,78,100,6125,180
2745,8,482,84,60,95,3076,113
2967,0,624,84,60,100,4466,241
4224,0,715,79,60,78,5223,210
7243,11,499,81,43,100,7920,289
5238,11,554,81,43,95,4816,195
6200,9,407,81,43,95,6689,239
10026,0,413,81,43,100,12607,316
1827,1,542,75,43,95,2528,85
3572,0,580,79,43,78,4866,189
3387,9,455,82,43,100,3802,174
5066,0,479,79,43,95,6696,248
4630,8,581,77,43,95,5246,173
4222,12,419,79,43,95,4618,203
6410,9,315,79,25,100,7236,169
8179,8,439,79,25,100,8990,327
5962,17,405,81,60,100,6860,328
3952,0,298,76,43,100,5217,262
4013,0,431,80,43,95,5461,299
7878,4,391,80,43,100,9812,400
7329,1,468,77,43,100,9500,399
5201,1,449,68,43,100,6034,252
3527,1,597,62,43,78,4613,225
6670,0,350,67,43,100,7999,336
2109,0,541,63,43,95,2977,179
2338,0,541,58,25,95,3335,170
10073,0,261,66,43,100,11799,440
5897,1,406,61,25,95,7150,295
4326,0,364,61,25,100,5791,288
2528,0,546,58,25,100,4101,244
3587,0,550,57,25,95,4723,245
7983,0,403,61,25,95,10149,348
4778,0,429,61,25,100,6123,307
3439,0,595,49,1,78,4846,253
5082,0,450,53,1,100,6449,301
6199,0,488,53,1,100,7917,331
4828,0,473,52,1,100,5942,282
5231,0,297,54,1,95,6202,224
9163,0,471,62,25,100,10961,326
7570,0,378,68,25,100,9462,444
11426,0,348,70,43,100,12885,481
61,0,541,63,43,78,222,14
512,0,305,56,25,100,1056,54
1366,0,366,49,1,100,2309,117
3568,0,240,50,1,100,4095,142
977,0,271,52,1,100,1577,85
11815,0,491,92,100,100,14757,568
10260,3,600,87,100,100,12350,498
7820,0,771,80,100,95,10121,503
12706,0,321,100,100,100,15272,600
19485,8,344,98,100,100,21680,755
15759,0,406,95,100,95,19269,677
15312,1,544,90,100,100,17658,627
13976,0,546,88,100,100,17949,602
11080,1,406,87,100,100,13595,537
6175,0,499,84,100,100,7920,368
12661,0,509,98,100,100,16114,651
7865,1,442,98,100,100,9053,404
11971,0,486,97,100,100,14963,609
16899,1,424,95,100,100,19948,686
16046,7,389,93,100,100,17108,655
15722,1,413,76,100,100,17891,747
15370,2,350,75,100,100,17364,664
16661,0,302,75,100,100,19044,730
19470,11,407,74,100,100,21751,699
8617,0,463,83,100,100,11376,586
10151,0,544,97,100,100,12823,523
18538,5,396,99,100,100,22336,661
12753,8,364,98,100,100,14799,442
14708,2,384,95,100,100,17970,687
10045,0,543,91,100,100,12093,473
9915,0,530,88,100,95,12667,602
20462,2,494,77,100,100,23918,651
5789,0,357,86,100,100,9024,530
10321,0,424,99,100,100,13847,686
12114,0,448,98,100,95,15136,571
8500,4,552,96,100,95,10199,501
17851,0,358,99,100,100,21507,858
13172,0,310,96,100,100,15940,603
24054,0,253,93,100,95,27433,941
12851,0,307,91,100,100,16063,760
9737,0,473,86,100,100,12259,524
9670,0,367,86,100,100,12553,509
13585,3,418,74,100,100,15605,619
16042,0,405,74,100,100,20352,554
14415,0,457,74,100,100,17827,718
9323,1,481,82,100,100,11971,530
10305,1,400,98,100,100,11738,398
11757,0,458,98,100,100,15121,623
4844,0,401,98,100,100,8786,578
10389,2,491,97,100,100,12702,546
10216,0,626,95,100,95,12705,543
11605,0,305,98,100,100,14339,515
13985,0,559,92,100,100,17803,580
7793,0,517,91,100,100,9921,453
8629,3,599,96,100,100,9906,468
5956,0,587,95,100,100,8218,443
8519,0,435,98,100,100,10637,414
9342,1,540,96,100,100,11922,491
11441,3,502,95,100,95,13157,510
10016,2,538,93,100,100,13007,532
10857,0,512,91,100,100,13761,472
7862,2,523,88,100,100,10288,471
9941,3,520,97,100,100,10597,465
10532,0,544,96,100,100,13003,512
6506,0,711,92,100,95,8961,347
11862,1,594,96,100,95,14759,551
5773,0,540,95,100,100,7687,410
11290,9,546,96,100,100,12589,539
4701,0,503,97,100,95,5916,304
10935,1,587,92,95,78,15190,255
1993,0,673,84,78,60,2894,116
11549,0,456,74,43,100,14583,481
10191,0,352,89,60,100,13603,239
11301,0,563,81,60,60,14197,351
6110,0,610,79,60,60,7570,268
2853,0,701,82,60,95,4008,189
3949,0,616,82,60,78,5464,191
6842,0,600,87,78,95,8500,312
12080,0,500,90,78,100,16136,308
3887,0,514,82,60,100,5619,212
7671,0,536,80,60,100,10002,363
4351,0,756,75,60,100,6410,281
2812,0,716,71,60,78,3980,154
4080,0,541,59,25,95,5488,235
2416,0,693,56,25,95,3469,142
5928,0,464,55,1,100,7803,318
5625,1,540,54,1,95,6917,260
2195,0,676,50,1,78,3589,153
1781,0,581,51,1,78,2532,113
2791,0,679,50,1,95,4228,178
3591,0,650,52,1,100,5019,122
864,0,636,49,1,78,1594,85
5075,0,708,48,1,78,6939,284
2930,0,671,49,1,95,3701,162
3418,0,662,51,1,100,4590,163
1410,0,872,42,1,60,2058,108
1838,0,504,52,1,100,2885,161
4317,0,654,50,1,95,5678,197
10417,0,435,70,25,100,13153,368
10564,4,496,79,43,100,12898,390
4336,0,539,82,60,100,5536,160
2997,4,690,78,60,78,3942,144
1159,0,867,71,60,43,1739,85
3985,0,693,78,60,100,5968,173
963,0,768,70,60,60,1484,82
4882,1,643,65,43,78,6956,125
3258,5,643,54,25,43,4432,127
674,0,713,50,1,95,1396,66
7108,0,496,69,25,100,9390,148
2013,0,673,64,25,78,2745,62
2143,0,858,58,25,60,3414,145
1189,0,636,58,25,60,2387,126
2010,0,836,55,25,60,2955,121
8096,17,491,78,43,100,9389,165
3172,0,628,75,43,95,4056,134
5033,0,513,74,25,95,6992,164
3851,7,764,70,25,95,4258,162
668,0,742,69,25,95,1048,58
6723,13,560,84,60,95,7496,206
3664,0,626,75,43,100,5328,188
3483,0,537,76,43,95,4902,178
4918,0,648,71,43,100,7418,199
2213,0,718,70,43,78,3652,115
6052,0,620,73,25,78,7935,137
7750,1,689,66,25,25,8854,156
3030,0,806,70,25,95,4263,159
714,0,208,74,25,100,1027,57
3056,1,773,85,78,95,4763,262
2993,0,730,80,60,78,4211,198
5160,2,576,63,25,100,8230,374
2775,3,675,61,25,100,4334,226
5572,4,763,67,43,95,8453,390
3737,2,519,77,60,95,6249,308
5409,0,579,79,78,95,8097,396
8854,2,424,91,95,100,12268,570
6620,25,747,86,95,100,9107,384
7533,4,472,93,100,100,11007,455
3015,0,683,88,95,100,4925,291
5797,1,563,90,95,100,8705,336
2205,2,471,86,78,100,3162,163
2708,2,724,75,60,100,4298,246
4640,12,715,72,43,100,5932,249
2464,1,822,63,25,100,4112,238
3613,2,676,64,25,95,5546,315
933,1,532,66,25,100,1977,136
2356,2,816,51,1,100,4566,274
1577,0,675,52,1,95,2954,180
2470,1,578,55,1,100,3613,205
1786,1,885,43,1,95,3376,203
1870,0,623,48,1,95,3086,173
4641,17,711,54,1,100,6346,311
1416,0,616,55,1,100,2453,144
5975,1,606,67,25,100,9415,439
3373,1,689,65,25,95,5804,353
4559,2,612,74,43,100,6854,275
2298,0,653,68,25,100,4355,275
1365,0,810,48,1,100,2942,158
4214,8,651,55,1,78,6338,241
2501,3,827,50,1,95,4132,241
1873,0,635,53,1,95,3457,184
4378,0,549,56,1,100,6492,340
5418,5,656,61,25,100,8838,490
5131,2,636,73,60,100,7524,348
4047,3,496,76,78,100,6326,325
4397,4,619,80,78,100,7035,343
1183,0,718,71,60,95,2403,153
2986,2,707,67,43,100,4702,249
3604,2,574,51,1,95,5314,283
3918,14,790,53,1,100,5148,233
4364,18,669,60,1,100,5274,225
1368,1,837,55,1,95,2654,160
3052,7,516,62,1,100,4492,283
1653,0,680,57,1,100,2863,158
4663,7,811,58,1,95,6156,274
3490,1,729,63,43,100,5388,272
3030,3,736,62,43,100,5473,339
3210,0,630,64,43,100,5421,300
4714,1,802,62,60,100,7599,369
5376,24,635,80,78,95,7045,292
5888,2,530,88,95,100,9146,395
3938,1,614,83,95,100,6022,333
3766,1,679,89,100,100,6294,334
4972,1,690,84,95,95,7992,378
3035,0,728,79,95,100,5908,378
4630,18,608,82,95,95,5977,265
3847,4,485,84,100,100,5883,291
2867,1,669,80,95,100,4709,238
13415,0,426,98,95,100,16647,457
13836,2,539,95,95,95,16488,448
5621,0,599,93,95,100,6781,246
12748,0,712,91,100,78,14764,374
14874,2,620,94,100,95,17054,402
12904,1,414,98,100,95,13957,332
6148,0,736,89,100,95,7092,304
14922,1,656,92,100,78,16858,433
6256,0,555,93,100,78,8403,485
12979,0,613,93,100,78,15339,412
7348,0,664,90,100,60,9228,267
12239,4,770,89,100,78,13219,333
3814,0,675,90,100,95,4368,214
20747,4,433,98,100,95,22762,601
11115,1,484,97,100,95,13253,480
6255,0,687,92,100,95,7404,233
4770,0,868,81,95,43,5318,209
3659,0,819,83,78,78,4043,195
7907,0,656,87,78,95,9234,391
15266,3,509,91,78,95,18176,517
17888,0,246,94,78,100,20286,551
6009,0,660,86,78,78,7831,325
11921,3,448,96,95,95,14134,487
12562,1,472,98,100,100,15179,455
4660,0,542,95,100,95,5869,307
5298,0,460,97,100,95,7270,483
17889,5,413,98,100,100,19237,618
12892,0,514,98,100,100,15241,514
13981,2,490,96,100,95,15993,566
12238,1,592,92,100,100,14830,529
15993,0,303,94,100,100,17273,548
5690,0,539,88,100,95,7467,397
3915,0,462,97,100,95,4471,216
11919,2,731,93,100,100,13132,566
12296,1,392,99,100,100,14259,503
6852,0,355,98,100,100,7922,305
13445,0,451,98,100,100,16474,474
6162,0,661,93,100,95,7083,330
5485,1,746,89,95,78,6585,328
15554,4,536,96,100,95,17686,478
8571,0,733,87,100,100,10926,340
1890,0,869,81,100,100,3171,184
13160,1,440,97,100,95,15637,558
11834,4,646,93,100,95,12879,476
9677,0,444,95,100,100,12350,492
13925,1,379,93,100,100,15408,411
7616,0,369,91,100,100,10713,538
8694,0,504,96,100,95,11511,612
9737,1,518,94,100,78,11803,546
8452,1,718,93,100,100,10047,432
6185,1,733,92,100,95,7038,346
10353,2,467,97,100,100,11850,340
7431,1,408,98,100,100,9124,402
8915,2,727,91,100,95,10492,479
3195,0,718,89,100,95,3993,210
2488,0,747,92,100,100,4417,258
12386,4,648,91,95,95,14105,474
15761,7,318,98,95,100,17099,476
6709,1,455,96,95,100,8650,415
1490,0,94,92,78,100,1955,105
7024,0,421,97,95,100,9973,537
4864,0,590,87,78,78,6971,397
15641,0,426,89,78,100,17970,682
8689,0,262,91,95,100,12539,727
8848,0,403,86,100,100,11043,533
12826,2,301,93,100,100,15191,666
6505,0,429,91,100,100,9111,516
13003,0,530,93,100,100,17056,597
8427,0,503,94,100,100,11022,541
5191,0,559,92,100,100,7669,397
13352,0,335,96,100,100,15535,576
7934,0,473,97,100,100,10544,486
8984,0,550,93,100,100,11985,562
8138,0,487,94,100,100,11279,483
5772,0,546,93,100,100,7958,421
6337,1,605,88,95,100,9206,501
4899,0,563,89,100,100,7727,466
4198,0,672,76,78,100,6476,394
6617,0,588,77,78,95,8403,438
6110,0,494,77,78,100,8733,527
5710,0,532,72,78,100,7723,441
9315,1,446,76,78,100,12352,571
12064,2,598,86,78,100,15559,549
4883,0,559,88,95,95,7323,412
8680,2,537,91,95,100,11076,493
6033,0,473,93,95,100,8491,453
11404,0,478,97,100,100,15519,422
13206,0,556,97,100,100,17881,484
11423,1,629,93,95,100,14109,389
4616,0,578,94,95,100,6632,395
2956,0,525,90,78,100,4323,266
6590,0,492,85,60,100,9729,502
6758,2,522,82,60,100,9547,476
6600,0,357,79,60,100,10044,602
4416,0,647,72,60,100,6689,394
4598,0,587,64,43,100,6257,346
3117,1,52,65,43,100,2978,96
8555,3,369,93,78,100,9580,350
9333,8,394,89,60,100,10136,396
10269,10,412,88,60,95,11097,345
7941,4,421,88,60,100,9102,369
11660,12,452,88,60,100,12605,414
8261,2,405,88,60,100,8706,355
11586,5,357,89,60,100,12878,449
7929,1,374,88,60,95,8706,397
8142,6,317,85,43,100,8799,346
7618,4,390,80,25,100,8602,369
4479,0,343,80,25,100,6702,328
8669,5,361,80,25,100,9780,411
8420,6,263,85,43,100,9232,372
12035,6,280,85,43,100,12991,445
9045,3,377,84,43,100,9976,372
11213,8,353,89,60,100,12469,457
7397,2,450,87,60,100,8438,365
7865,0,396,88,60,100,10299,375
7696,4,401,89,60,100,8597,389
1903,0,206,77,25,95,2216,86
8259,3,450,62,1,100,9420,412
7348,3,376,65,1,100,8600,325
7053,4,373,69,1,100,7732,330
8170,4,306,74,1,100,9331,392
7165,4,424,70,1,100,8049,343
6402,4,335,70,1,95,6993,320
4320,0,335,70,1,100,5747,304
10950,10,325,80,25,100,12225,460
4626,1,348,80,25,100,6007,291
7493,5,362,77,25,100,8416,366
8862,3,361,77,25,100,9166,381
10223,7,331,84,43,100,10905,405
7695,4,382,83,43,100,8834,381
12779,12,365,89,60,100,14153,461
8007,4,505,82,43,100,9255,393
2898,1,198,88,60,100,3440,169
7434,4,379,88,60,100,8240,350
8628,3,427,92,78,100,10290,378
9168,7,328,92,78,95,9610,351
8079,2,462,90,78,95,8756,364
10484,6,399,94,95,100,10895,413
8778,6,503,89,95,100,9572,396
3281,1,539,85,95,95,3955,180
8899,5,338,98,100,100,9755,391
9483,4,391,98,100,100,10039,375
7811,5,380,97,95,100,8903,385
8454,4,524,96,100,95,9529,385
7039,4,424,96,95,100,7891,329
8974,9,384,93,78,100,9602,344
7506,3,304,86,60,100,8703,365
5656,2,391,77,43,100,6777,299
6855,6,422,76,25,100,7400,310
7106,5,451,69,1,95,8217,346
7735,2,476,69,1,100,9036,382
6751,5,404,71,25,100,7511,312
7645,3,358,76,25,100,8565,359
5340,2,418,71,25,95,6602,318
6166,5,444,72,25,100,7331,302
8726,3,331,68,1,100,9591,351
3848,0,505,64,1,100,4947,224
7129,4,387,70,1,100,7806,329
7136,5,438,67,1,100,7915,335
6132,6,402,63,1,100,7000,304
2343,2,578,58,1,95,3044,176
6974,3,344,59,1,100,8199,358
5844,5,370,60,1,100,6753,287
6774,5,426,60,1,95,7499,326
7898,3,345,67,1,100,8961,362
6772,1,423,67,1,100,7766,331
4432,3,400,66,1,100,5508,197
6588,4,395,65,1,100,7147,293
8438,6,359,70,1,100,9122,358
11053,5,325,77,25,100,11657,465
8081,2,336,79,25,100,8875,348
7600,3,358,82,43,100,8273,349
7629,4,349,84,43,100,8035,318
6645,2,381,83,43,100,7741,350
8456,4,328,80,25,100,9531,392
7362,3,324,69,1,100,8368,354
7390,3,360,70,1,100,8406,336
6085,3,403,66,1,100,7295,316
8054,4,361,71,1,100,9011,364
4433,1,381,67,1,100,5733,299
7091,2,342,67,1,100,8163,389
6205,4,334,64,1,100,6945,333
4756,1,515,61,1,95,6235,278
4042,1,443,57,1,95,5589,316
25865,3,383,96,100,100,31146,577
13684,0,315,100,100,100,17693,497
27044,8,262,99,100,95,31012,630
22509,8,371,96,100,100,26537,668
16046,10,365,93,100,100,17849,482
15914,6,514,88,100,100,19043,534
12504,0,315,78,100,100,16282,317
22341,13,290,76,100,95,27104,559
15527,0,370,74,100,100,19335,569
9701,8,496,79,100,78,11642,462
15076,1,308,99,100,100,18166,408
25053,11,473,98,100,100,30103,487
20473,2,414,97,100,95,26738,486
22008,6,567,92,100,95,25650,485
14172,0,333,94,100,100,16528,514
16626,5,458,98,100,100,19199,529
25907,14,308,79,100,100,29367,727
18713,0,374,98,100,100,23447,449
12744,0,441,95,100,100,13358,455
12030,0,321,100,100,100,15402,411
24320,12,415,99,100,95,26756,639
18916,2,466,98,100,100,22850,421
21719,2,382,99,100,100,25983,542
17794,6,503,94,100,100,20842,489
16585,1,359,90,100,100,20562,442
23818,5,296,79,100,100,28616,526
12463,0,529,74,100,100,16066,366
26265,15,382,74,100,100,29717,612
12354,0,333,84,100,100,16104,479
20659,7,413,98,100,100,25345,559
11273,0,461,98,100,95,13935,382
22252,1,416,74,100,100,27891,594
16960,5,332,100,100,100,19958,519
17471,4,388,98,100,95,20438,542
7574,4,450,94,100,95,9077,397
25462,7,366,99,100,100,30571,678
20765,4,449,98,100,100,24243,476
20329,0,370,98,100,100,25224,565
23915,2,320,96,100,100,28868,668
23390,5,286,93,100,100,28342,570
14071,1,502,88,100,100,17496,460
15704,5,225,79,100,100,18548,563
12251,4,483,84,100,100,14793,453
14412,0,505,96,100,100,17727,412
23345,12,271,100,100,100,28222,479
17825,1,438,97,100,100,23033,450
21919,10,448,94,100,100,26535,546
17753,0,448,91,100,100,22543,425
18201,4,513,88,100,95,21612,429
26529,15,381,77,100,95,29789,489
19424,0,464,75,100,100,23807,515
25755,11,359,75,100,100,29308,540
19306,4,556,71,100,95,23331,384
15855,0,470,72,100,95,19758,455
21348,2,395,74,100,100,26325,527
19577,3,395,74,100,100,23805,463
10066,0,490,82,100,100,12809,331
19797,1,336,99,100,100,24745,488
11843,1,579,96,100,100,14519,383
5601,7,485,97,100,100,6958,343
11889,14,459,97,100,100,13151,422
16839,18,496,96,100,95,18775,400
16332,1,363,95,100,100,20184,396
13935,3,593,89,100,95,16549,418
16750,0,378,90,100,100,20916,458
19914,21,474,76,100,100,21732,455
9508,0,579,82,100,100,12546,304
15317,2,465,97,100,100,20021,604
10178,0,408,99,100,100,13059,383
13792,0,278,100,100,100,18477,611
18008,13,446,98,100,95,20003,470
10558,0,606,71,100,100,12818,379
4961,6,762,91,95,100,4789,204
4201,3,857,84,78,95,4650,186
3495,4,557,80,60,95,3238,144
7289,21,760,74,43,95,6521,187
4973,18,540,74,25,100,4533,140
3206,1,784,66,25,78,3254,149
3829,5,826,69,25,100,3874,153
6920,11,750,72,25,95,6296,202
6834,21,751,73,25,95,6447,154
6582,21,807,72,25,100,6463,206
10563,3,636,79,43,95,10347,364
7446,15,682,79,43,95,6720,234
4031,0,783,77,43,95,4304,217
13388,14,627,80,43,95,13006,401
5207,3,786,77,43,100,5572,249
7495,14,812,76,43,95,8179,263
2677,1,631,84,60,100,3472,191
6869,7,768,76,43,95,6981,285
8654,14,693,82,60,95,8439,242
1762,0,868,79,60,95,2602,141
5257,12,947,71,43,78,5062,185
1606,0,599,78,43,100,1936,99
3962,12,807,68,25,78,3996,127
9747,2,517,82,43,100,9542,392
6421,2,620,79,43,100,7266,313
10196,0,525,81,43,95,11078,424
7338,13,717,78,43,95,6911,227
16899,8,477,80,43,100,18542,411
10986,2,621,80,43,100,12324,505
5801,1,327,98,95,100,8653,538
3964,0,416,84,60,100,6313,338
4453,0,479,79,60,100,6378,357
4961,0,536,79,78,100,6961,328
3705,0,551,70,60,100,5220,289
9304,15,558,85,60,95,11930,405
3648,5,444,80,43,100,5740,267
6311,5,480,84,60,100,8678,475
6145,4,429,88,78,95,8742,460
7715,1,456,87,95,100,10639,520
3400,1,576,80,95,95,5606,323
4512,2,639,70,78,100,6200,282
5622,9,377,87,78,100,7684,312
2676,1,588,82,78,95,4075,219
4870,2,501,84,78,100,7302,359
6876,6,507,92,95,100,9584,422
7197,1,439,94,95,95,10373,456
4543,5,572,87,78,95,5586,230
8712,11,471,96,95,100,10753,440
4257,0,560,91,95,95,6422,333
3558,0,460,87,78,100,5272,247
5498,0,521,77,78,100,8137,466
4060,0,651,60,43,95,5871,307
3500,1,709,67,78,95,5534,287
4446,0,427,74,78,100,6536,331
2586,0,476,72,78,100,3943,237
6079,1,468,78,95,100,7644,340
5585,0,432,78,95,95,9053,542
2768,0,402,78,95,100,4764,305
5729,0,342,75,78,100,8221,381
4393,1,348,75,78,100,5932,290
3211,0,508,68,60,100,5621,337
6008,0,508,59,25,100,8109,364
5199,0,448,62,25,100,7216,362
5570,0,337,58,1,100,7714,340
2885,0,655,88,78,100,5450,362
6318,1,676,88,78,100,8540,305
8108,2,584,89,78,100,10688,443
6394,0,650,88,78,100,9504,423
6653,1,754,82,60,100,9211,329
6833,0,558,81,60,100,9750,436
4081,1,606,88,78,100,5934,264
2953,0,636,85,78,100,5516,366
7310,0,645,77,60,100,9833,411
8545,1,687,75,60,100,11124,400
7331,1,672,74,60,100,9666,395
5595,0,778,62,43,78,7779,325
3017,0,641,74,60,78,4458,228
2112,0,873,65,60,60,3894,212
3624,2,758,71,60,95,5351,318
4648,0,640,71,60,95,6964,293
5136,0,670,62,43,100,7406,341
6496,0,800,60,43,95,9058,366
4889,0,602,71,43,100,7274,381
3372,0,822,66,43,100,4533,223
1884,0,709,65,43,95,2866,149
8479,0,678,72,60,100,11022,462
4406,0,655,69,60,78,6594,376
7346,0,387,76,60,100,9900,365
7809,0,686,63,43,95,10415,433
6414,0,698,68,60,95,9030,418
4581,0,550,73,78,100,7221,420
4153,0,797,71,78,100,6731,433
9858,1,469,81,78,100,12619,420
6756,0,558,85,95,95,9126,448
7418,0,538,86,95,95,10434,412
4947,0,679,79,78,100,6758,252
4347,2,807,73,78,78,6029,270
2844,0,638,77,78,100,5238,354
3957,0,664,61,43,100,6305,337
5519,1,644,54,25,78,7695,359
4242,0,746,46,1,78,5994,324
6826,1,663,52,1,95,8947,385
7746,1,645,54,1,95,10036,322
5222,0,673,67,25,100,7634,404
6244,0,651,71,43,95,8640,296
5597,0,681,75,43,95,7384,294
3168,0,835,68,43,78,4614,243
4533,0,760,68,43,78,5527,195
6955,4,685,69,43,100,8276,285
6063,1,606,75,43,100,8102,342
4227,0,705,64,25,95,6051,235
7881,0,569,72,25,100,10504,331
6206,0,686,67,25,78,9000,398
6371,1,452,80,43,100,8504,296
4186,1,838,76,43,100,5921,249
4944,0,663,67,25,100,6971,386
5864,0,642,67,25,100,8316,368
7562,0,598,71,43,100,10845,396
9239,0,496,85,60,100,11488,381
7238,6,668,74,43,78,8958,312
4194,0,654,79,43,95,5988,285
2933,0,792,76,43,100,4433,225
5428,0,582,79,43,95,7153,256
7733,0,700,81,60,78,10146,286
6570,0,738,77,43,95,8836,340
5871,0,709,69,25,95,7564,318
2451,0,771,60,25,95,4254,277
2081,0,779,59,25,78,3989,257
878,0,764,59,25,95,1905,119
2290,0,797,56,25,95,3719,224
4833,0,660,44,1,60,5496,177
3049,0,722,48,1,95,4053,190
9357,12,745,65,25,95,10297,262
8029,8,713,51,25,60,9536,303
5058,0,859,57,25,60,6939,233
3418,0,514,71,43,100,6364,428
3533,2,668,72,60,95,4659,225
4663,0,624,73,60,100,7178,415
6527,4,676,75,78,100,8001,316
6198,0,625,82,95,95,8353,310
7428,0,652,75,95,78,9547,367
4855,1,682,73,95,78,6208,298
6551,0,743,74,78,100,8079,313
7760,2,663,75,78,100,9860,424
1653,0,756,66,60,95,3205,214
2679,0,872,52,25,100,5428,363
8505,2,529,66,43,95,11394,434
4039,0,622,71,60,60,5444,157
8939,2,725,84,78,95,11209,218
11094,1,582,94,95,95,13172,341
16601,16,524,93,100,100,18891,512
6932,4,649,89,78,100,9202,181
13349,6,571,93,100,78,15981,277
17141,7,831,88,100,78,21166,307
8569,1,700,90,100,95,10646,220
9185,9,658,88,100,95,11730,413
2426,0,665,93,95,95,3947,206
15250,1,246,99,95,100,17067,546
14087,4,256,99,95,100,15358,472
17267,4,312,98,95,100,19032,563
14857,7,351,96,100,100,16643,632
16669,9,232,94,100,100,17221,609
11062,4,313,91,100,100,11886,447
10241,3,209,88,100,100,11935,560
15734,6,297,77,100,100,17047,569
14719,3,361,75,100,100,15990,548
15003,4,296,75,100,100,16768,602
13283,2,367,75,100,100,14666,535
11388,1,350,75,100,100,12920,449
8444,1,323,84,100,100,9397,405
6079,3,334,84,100,100,7898,405
16850,5,323,99,100,100,18671,586
13349,2,297,99,100,100,16062,524
9599,2,349,99,100,100,10867,437
13870,5,391,96,100,100,15133,510
14505,2,275,94,100,100,16137,534
9806,1,360,90,100,95,10411,436
11788,10,355,78,100,100,11889,463
16636,3,287,77,100,100,17696,590
15298,6,229,75,100,100,16907,617
16327,8,268,75,100,100,18335,698
18947,13,222,75,100,100,20081,714
18366,6,319,75,100,100,18971,680
11100,1,711,78,100,100,13357,499
8537,3,394,84,100,100,9137,396
14989,6,383,99,100,100,16663,650
10562,1,404,99,100,100,10980,470
15540,7,308,99,100,100,17461,604
14346,9,253,96,100,100,15439,520
16539,6,226,94,100,100,17721,566
7763,1,216,91,100,100,10537,518
11393,2,271,100,100,100,11965,356
13414,3,347,99,100,100,14920,560
14079,6,264,99,100,100,15399,517
19540,7,298,96,100,100,21304,654
14300,7,329,93,100,100,15618,551
15090,6,235,91,100,100,16333,557
5330,1,289,88,100,100,5909,246
4259,3,375,98,95,100,4794,233
15465,5,370,98,95,100,16997,575
13870,7,333,98,95,100,15078,484
10028,1,267,98,95,100,11910,429
16668,5,351,95,95,100,18180,543
14023,6,392,92,95,100,15661,589
17785,3,219,91,100,100,19997,792
8224,1,303,88,100,100,10277,510
15809,8,408,99,100,100,16820,612
16440,3,343,99,100,100,17687,660
15029,6,386,98,100,100,16370,532
13905,3,305,96,100,100,15255,550
16587,7,281,94,100,100,17575,619
12559,1,415,90,100,100,14966,495
7818,5,277,88,100,100,7980,354
17138,6,278,77,100,100,18442,602
15529,5,326,75,100,100,17062,537
15592,6,359,75,100,100,17547,636
10241,5,330,84,100,100,11919,498
15801,6,437,74,100,100,17783,506
5306,0,271,84,100,100,6602,351
5483,4,378,99,100,100,5849,262
12837,8,388,99,100,100,13809,444
12444,9,347,100,100,100,14118,567
12268,6,379,99,100,100,14055,460
14082,5,556,93,100,100,15501,608
7988,0,677,88,100,100,10272,545
8513,4,362,99,100,100,10048,487
7671,3,225,100,100,100,8632,404
15346,7,287,100,100,100,16593,584
14690,6,380,99,100,100,16573,586
11237,1,307,99,100,100,12515,506
10210,3,208,97,100,100,12055,424
5460,2,354,93,100,100,7034,357
13311,2,266,100,100,100,15262,485
3679,1,470,96,95,100,5081,281
10908,5,295,98,95,100,12331,449
11396,7,415,97,95,100,13163,547
13749,5,344,97,95,100,15461,570
7356,1,418,94,95,100,8855,385
11448,3,144,100,100,100,12897,410
8800,5,347,100,100,100,9097,391
7599,0,237,99,100,100,8735,452
15551,4,279,100,100,100,18216,759
7136,1,356,99,100,100,8733,444
12375,4,280,100,100,100,14301,515
9953,4,367,99,100,100,10929,424
7482,0,382,98,100,100,8777,345
8586,7,296,100,100,100,9395,381
5157,1,244,100,100,100,5993,294
14901,3,363,99,100,100,17508,538
17470,6,290,100,100,100,19358,552
13408,6,364,99,100,100,14477,538
17083,12,396,98,95,100,18624,740
10719,1,434,98,100,100,12223,584
10363,1,393,99,100,100,11589,543
15833,5,321,100,100,100,17710,575
14929,7,294,100,100,100,17195,606
14791,6,250,99,100,100,15868,548
16067,6,287,97,100,100,17420,534
6543,0,332,93,100,100,8384,300
9619,9,301,100,100,100,11357,434
12825,12,304,99,100,100,13780,480
15192,9,259,99,100,100,16470,586
14896,16,385,95,100,100,16143,517
14241,10,416,93,100,100,15183,535
12989,7,289,100,100,100,15121,436
13008,8,421,98,100,100,13717,470
8271,2,411,98,100,100,9707,443
15669,2,225,100,100,100,18288,695
15012,13,219,100,100,100,15856,693
5500,0,498,96,100,95,7520,432
8659,0,254,100,100,100,10342,445
4972,0,412,98,100,100,6626,354
15637,7,355,99,100,100,17774,619
15476,9,278,100,100,100,16553,617
15424,4,373,99,100,100,18473,651
10670,0,425,97,95,100,12571,419
3325,0,672,87,78,100,4736,213
2313,0,675,88,78,95,3231,145
6698,0,705,87,78,100,8655,221
8735,0,559,89,78,100,11260,330
6528,0,642,93,95,95,8288,251
5978,0,585,89,78,100,7762,249
2070,0,869,82,78,78,3107,158
6677,0,573,84,78,60,8868,344
6203,0,582,88,78,95,8191,215
7644,0,627,92,95,95,9503,279
2290,0,658,83,78,95,3353,164
2479,0,866,74,60,100,3629,194
6622,0,703,79,60,100,8003,248
4200,0,615,76,60,78,5634,217
6199,0,733,67,43,78,7644,210
7331,0,679,80,60,95,9099,256
4381,0,756,85,78,95,5652,153
801,0,660,81,78,95,1470,81
1637,0,712,73,60,95,2166,100
5581,0,649,73,60,95,6890,213
6012,0,862,71,78,78,7447,238
6526,0,777,70,60,78,8657,240
7828,0,678,76,60,100,9964,251
4608,0,715,83,78,95,6217,268
4123,0,779,89,95,95,5454,301
6782,0,659,93,95,100,8559,241
5046,0,732,90,95,95,6618,205
7083,0,761,87,95,78,9510,256
6998,0,639,90,100,95,9088,244
6744,0,585,89,95,100,9016,200
7051,0,630,88,100,95,8751,226
3198,0,714,84,100,95,4295,210
6721,1,633,92,95,95,8784,189
5983,0,632,93,100,95,6438,214
8758,0,585,94,100,95,10778,288
1795,0,781,87,95,95,2640,126
7481,0,707,91,95,95,10011,236
6337,0,655,86,78,78,8069,200
1927,0,768,86,78,95,2580,127
7316,0,814,81,78,60,9838,217
7559,0,655,93,95,100,9008,245
8044,0,696,89,95,100,9525,233
8572,0,686,88,100,100,10258,322
12071,0,432,98,100,100,15626,554
3919,0,689,93,100,95,5411,279
9078,0,620,95,100,95,9559,223
9419,0,767,93,100,100,11086,280
2729,0,723,91,95,95,4029,158
7083,0,774,87,95,78,9011,222
7324,0,483,96,95,95,8243,198
7430,0,734,86,95,78,8943,240
1110,0,250,85,95,100,1582,77
15211,0,253,99,95,100,20319,668
14342,0,359,98,95,100,18228,504
16155,0,316,98,95,100,19969,483
12139,0,381,95,100,100,16030,412
15966,0,330,94,100,100,20133,643
6463,0,716,84,100,95,8999,291
6486,1,547,97,100,100,8922,270
6458,0,608,95,100,95,8608,206
2415,0,899,83,78,95,3751,182
15163,1,413,93,78,100,19677,534
14863,1,281,94,78,100,18633,523
9057,0,465,91,95,78,12861,474
15513,2,298,100,100,100,19528,505
11878,0,421,98,100,100,15886,404
8889,1,506,96,100,100,11861,464
11783,0,506,97,100,100,14982,399
6551,1,473,98,100,100,8708,309
8631,1,479,97,100,100,10537,442
8820,0,310,99,100,100,10222,452
11804,2,387,99,100,100,15348,531
12079,1,434,98,100,100,15387,447
9620,0,479,96,100,100,12336,408
9278,0,346,96,100,100,12317,479
11056,0,549,90,100,95,14582,430
5869,0,330,90,100,100,7940,387
12763,0,371,99,100,100,16533,424
17151,0,377,99,100,100,19936,636
8987,0,496,96,100,100,11396,398
11062,0,391,95,100,100,13969,409
5189,0,447,92,100,100,7070,296
7796,0,454,98,100,100,9415,349
15699,0,322,98,95,100,19315,437
10279,0,352,98,95,100,13855,435
11332,1,330,98,95,100,14814,487
12471,0,519,92,95,100,15912,398
13721,0,346,92,95,100,17335,428
8680,0,405,87,100,100,11095,451
11512,3,423,98,100,100,13980,539
9705,0,218,100,100,100,12637,537
15422,0,272,99,100,100,18585,698
14421,5,257,100,100,100,17842,693
10941,0,357,98,100,100,13123,446
7610,1,462,94,100,100,9690,334
9700,1,407,99,100,100,11804,439
21010,16,353,100,100,100,25556,453
17124,0,318,100,100,100,21325,595
13530,0,445,97,100,100,17908,458
6582,0,482,89,100,100,8592,292
6506,0,434,98,100,100,8211,341
7296,0,488,97,100,100,9792,438
9935,0,418,99,100,100,12702,388
2359,0,531,95,100,95,3491,160
7503,0,470,97,100,100,10240,250
13884,3,433,97,95,100,17450,386
15037,2,401,97,95,100,18906,425
4320,0,344,93,78,100,6684,401
8990,0,252,98,95,100,11562,299
13477,0,330,74,25,100,18520,419
8118,0,615,84,60,100,11124,271
3508,0,595,85,60,100,4835,232
8436,0,501,91,78,100,10880,312
3868,0,595,89,78,100,5691,226
5077,0,420,88,60,100,7027,241
2526,0,444,78,43,100,3612,133
909,1,551,74,43,100,1320,66
6535,0,524,76,43,95,8752,187
8211,0,679,79,60,78,10809,248
5370,1,542,80,60,78,6879,197
10688,0,350,93,78,100,14200,334
8490,0,577,94,95,95,11759,228
2596,1,540,93,95,100,3696,188
10559,0,485,97,100,100,14139,402
7976,0,335,98,100,100,10596,232
3760,0,601,92,95,95,5095,141
7492,0,456,92,78,100,9838,196
6429,0,594,89,78,95,8854,195
7363,0,468,92,78,100,10109,232
16996,0,448,95,95,95,22541,445
8734,0,438,94,95,100,11273,299
8882,0,584,88,95,95,11536,318
5344,0,398,90,100,100,7336,340
5321,0,466,97,100,100,6955,386
15673,0,500,97,100,100,21241,383
2526,0,406,98,100,100,3333,176
6973,0,378,97,95,100,9071,246
13134,0,289,99,95,100,17177,260
11487,0,436,96,95,100,15450,371
9036,0,392,94,95,95,12162,274
13714,0,413,91,95,100,18324,337
9756,0,465,88,95,100,13381,299
5753,0,526,82,100,95,7673,242
10690,0,372,99,100,100,14209,322
10751,0,326,99,100,100,14709,401
15486,0,406,95,100,100,20585,443
10917,0,423,93,100,100,14652,412
10346,0,491,88,100,100,14201,354
11243,0,382,78,100,100,15548,466
9454,0,411,75,100,95,12478,283
6717,1,542,96,100,100,9138,214
8951,1,495,97,100,100,11969,255
8245,0,416,98,100,100,10930,215
7975,0,570,92,100,95,10384,196
3490,0,588,86,95,78,5248,171
9910,2,325,98,95,100,12782,534
7724,2,524,95,95,100,10529,430
9505,1,337,94,78,100,12160,498
15568,5,452,97,95,100,19518,497
10839,0,265,98,95,100,14603,709
10886,8,335,98,95,100,13112,555
12498,0,473,98,100,100,16418,468
13413,12,419,98,100,95,14973,346
11826,3,418,98,100,100,15054,505
10815,5,529,74,100,95,13495,404
13513,4,325,75,100,100,17239,434
13554,2,306,75,100,100,17622,427
12035,4,288,75,100,100,15366,601
4596,0,459,82,100,95,6129,335
9204,4,397,99,100,100,11908,528
8433,2,359,98,95,100,11300,501
12933,8,438,97,95,100,16417,471
11878,2,429,97,95,95,14701,489
18497,20,320,97,95,95,21926,485
16547,5,342,95,95,100,20666,526
4184,0,419,92,95,100,6357,403
11635,2,331,94,78,100,14975,510
15622,2,505,91,78,95,20346,469
15176,3,451,92,78,100,18916,476
8290,0,410,90,78,100,11075,480
12054,0,288,99,95,100,15340,486
12429,5,411,99,100,100,16508,482
12039,5,438,97,100,100,15253,384
11654,13,419,95,100,100,13873,493
12298,3,416,92,100,100,15576,415
12303,9,360,91,100,100,14501,438
13266,5,293,79,100,100,16268,585
9074,0,375,76,100,100,11738,239
13036,8,431,73,100,95,16293,415
14993,3,312,75,100,100,17542,573
15641,3,456,73,100,100,19647,493
13220,8,258,75,100,100,15599,630
15121,7,253,75,100,100,18474,717
8386,11,301,84,100,100,10116,364
2377,0,555,93,100,78,3663,172
12816,8,414,98,100,100,15540,486
8451,8,481,96,100,95,10319,334
8391,7,389,99,100,100,10755,345
10807,3,542,96,100,100,13882,320
9146,3,441,98,100,95,12065,516
8242,2,349,99,100,100,10755,484
9891,7,546,94,95,95,12195,316
15973,8,366,97,95,95,20230,423
10289,5,468,96,95,100,13124,437
11030,3,467,97,95,100,13585,376
9004,5,399,98,95,100,10831,354
2465,0,475,96,95,100,4147,290
15143,9,473,98,100,100,18767,450
10238,7,390,98,95,100,12531,354
12672,9,438,97,95,100,15831,441
12186,2,520,94,95,95,15777,472
10523,5,401,95,95,100,12739,361
4665,1,489,96,95,95,5982,176
7825,4,406,93,78,100,9591,299
10709,2,399,97,95,95,14044,359
21247,13,384,98,95,100,26870,563
13302,1,480,95,95,95,17414,434
6923,0,480,88,78,95,9393,233
11840,6,415,93,78,95,15024,358
3185,0,462,92,78,100,4391,240
7629,3,445,93,78,100,9620,310
11878,3,500,91,78,100,16027,425
7467,13,508,91,78,95,10506,339
6091,12,533,90,78,100,9018,292
6194,4,435,93,78,100,9310,231
7241,2,521,91,78,100,10407,506
7400,0,328,89,60,100,10316,546
7919,0,470,87,78,100,11313,599
3396,0,523,81,78,95,5687,360
12172,0,571,82,78,100,15576,534
4645,0,683,71,60,95,6985,314
10700,2,440,94,95,100,14121,384
4925,0,676,87,95,78,6825,283
9423,0,378,94,95,100,12110,457
10396,0,505,93,95,100,12320,550
7169,0,542,91,95,100,10486,496
7251,0,264,92,100,100,11287,584
7190,0,475,86,95,100,10622,522
6915,0,503,80,95,100,10141,579
8777,1,449,83,100,100,11216,548
13115,0,388,90,100,100,16874,593
10081,0,473,88,100,100,13489,562
6638,0,577,83,100,100,9120,462
2595,0,715,76,95,60,4267,270
8782,0,314,91,95,100,11735,461
16704,0,381,96,95,100,19197,737
6735,0,616,90,95,95,10323,460
11191,0,449,96,95,100,14975,533
9467,0,449,96,95,100,12890,449
8876,0,333,99,100,100,11741,487
5599,0,466,90,100,100,7679,259
4365,1,331,76,60,95,5476,244
8270,0,510,67,25,100,11277,329
11445,0,498,80,43,100,15079,521
6914,0,707,77,43,95,9964,251
4308,0,581,80,43,100,6002,320
10649,2,376,88,60,95,13690,402
9698,1,421,93,78,100,13723,445
17069,2,453,97,95,100,22337,672
12951,0,356,95,95,100,17403,484
11574,0,476,91,95,100,16102,466
6340,0,670,84,95,95,9275,407
9073,0,473,97,100,100,13139,573
10925,0,421,99,100,100,14991,656
6487,0,309,98,100,100,10484,690
5530,0,476,90,100,100,8719,530
11635,2,270,96,100,100,15418,440
10666,0,480,94,100,100,14608,485
10343,0,460,95,100,100,12394,496
9589,1,417,94,100,95,12825,382
6388,0,537,90,100,100,9380,475
13835,1,450,98,100,100,18983,575
6870,2,457,97,95,95,9260,421
12738,1,368,98,95,100,17123,556
5351,1,586,89,78,100,7164,294
7714,0,521,86,60,100,10331,264
5025,0,635,80,43,100,7423,263
9673,1,440,84,43,100,13385,362
5933,0,453,82,43,100,8064,354
9255,0,454,83,43,100,13074,450
3752,2,594,75,25,100,5966,304
9756,1,506,82,43,100,13877,458
3163,0,548,76,25,100,5000,280
13003,4,516,82,43,100,17362,531
8854,0,459,84,43,100,11619,333
5694,0,627,85,60,100,7615,333
4130,0,550,85,60,100,5739,297
11804,0,527,90,78,95,16262,448
9067,0,578,94,95,100,11732,304
2248,0,665,90,95,78,3475,176
8946,0,593,91,95,78,11524,328
10526,0,493,96,95,100,14164,361
5371,0,601,88,78,95,7374,317
4371,0,571,87,78,78,6490,330
2018,0,456,82,60,100,3314,214
8196,0,549,81,43,100,10697,308
7160,0,531,66,1,100,10015,323
10334,0,551,77,25,100,14096,421
4282,0,679,73,25,95,6583,308
2661,0,767,66,25,60,4209,195
3830,0,653,66,25,100,4943,282
4763,0,591,60,25,78,6890,360
8315,0,658,79,60,95,11730,349
7735,0,516,77,43,100,10428,330
2146,0,559,73,43,95,3220,178
8700,0,648,81,60,100,11487,375
6281,0,624,77,60,78,8649,329
8045,0,613,83,60,95,10680,283
11026,0,509,86,60,100,14742,395
9349,0,607,83,60,95,12645,348
8710,0,542,79,60,95,11789,370
11887,3,569,80,60,95,15500,439
2588,0,629,68,60,60,3714,176
4558,0,680,84,78,60,6737,273
6796,0,690,87,78,100,9291,331
6759,2,362,91,78,100,9619,450
7685,0,563,88,78,95,10952,429
10413,0,592,92,95,95,14702,413
2288,0,613,85,78,95,3317,190
8541,0,737,90,95,100,12176,346
4097,0,405,92,78,100,7712,528
7567,0,566,83,60,100,10527,483
13556,0,440,97,95,100,17672,594
12326,1,521,89,78,95,14882,564
10507,0,485,88,78,100,14773,545
4755,0,504,89,95,100,6910,354
5903,0,514,86,78,100,8621,472
9029,0,481,94,95,100,12509,403
8823,0,478,97,100,100,12422,429
5241,0,573,88,95,95,7435,325
14401,0,470,96,95,100,18155,492
4735,2,397,89,78,100,6441,355
6700,3,572,81,60,95,8905,349
6377,0,616,81,60,95,8626,296
9579,3,524,83,60,95,12609,337
6526,0,623,78,43,100,9471,379
10487,1,495,86,60,100,13945,400
3464,1,704,75,43,95,4876,186
11922,3,507,95,95,95,15631,325
19955,2,440,96,95,95,24704,567
15761,0,606,91,95,78,21163,455
15242,0,649,91,100,100,20354,469
18391,3,696,85,100,78,23370,403
15966,1,787,81,100,78,20860,297
18096,2,574,75,100,100,23596,472
18879,1,605,72,100,95,24506,411
13745,0,517,71,100,95,17939,373
10928,0,552,70,100,95,15117,431
18338,3,523,72,100,95,23624,366
13455,2,493,72,100,100,18509,495
17692,0,574,70,100,95,23377,530
19464,3,516,72,100,100,24818,447
15766,0,642,64,100,43,21271,382
17743,0,476,73,100,100,22693,561
15180,2,510,71,100,100,19953,444
13714,1,629,70,100,100,18280,418
13918,0,570,71,100,100,17771,458
15507,0,703,68,100,95,20663,470
1800,0,774,87,100,60,2508,110
600,0,854,87,95,78,1131,60
1068,0,790,82,78,78,1752,99
189,0,610,75,60,100,543,33
522,0,827,57,43,78,1151,63
786,0,895,44,25,60,1453,87
545,0,783,42,1,95,1060,59
4692,0,929,43,1,95,6187,283
1040,0,909,54,25,78,1657,81
596,0,831,53,25,60,1037,58
959,0,886,51,25,60,1394,54
2185,0,867,50,25,60,3371,137
1862,0,579,56,25,78,3235,153
3225,0,817,40,1,78,4642,136
7559,0,915,55,25,78,10502,226
1974,0,761,58,25,78,2779,117
867,0,823,56,25,78,1493,96
2194,0,546,60,25,78,3361,198
967,0,787,55,25,78,1929,139
906,0,669,53,25,60,1433,87
721,0,875,50,25,78,1416,76
511,0,986,32,1,60,1159,74
770,0,794,38,1,60,1183,75
1229,0,787,41,1,78,1863,109
759,0,915,35,1,43,1167,69
412,0,690,42,1,78,739,35
2322,3,762,42,1,78,2838,116
1538,0,753,45,1,95,2339,135
625,0,776,44,1,95,1081,69
8160,0,580,57,25,95,10580,304
841,0,928,51,25,43,1274,78
2114,0,819,55,25,78,2953,139
588,0,834,56,25,95,1251,74
242,0,471,60,25,95,457,23
118,0,929,49,25,78,356,16
80,0,822,39,1,78,334,18
240,0,983,31,1,43,493,30
383,0,883,38,1,60,604,34
402,0,807,33,1,25,725,40
114,0,859,33,1,25,216,10
286,0,930,31,1,43,585,26
1725,0,785,43,1,95,2269,111
1286,0,1082,33,1,60,1995,111
4110,0,935,46,25,78,5510,183
1088,0,891,46,25,60,1675,95
3407,0,866,48,25,78,4602,221
5624,0,702,59,43,95,7377,273
945,0,627,61,43,100,1296,63
1470,0,1023,50,43,78,2362,139
1724,0,663,60,43,100,2516,160
961,0,934,46,25,78,1481,80
1520,0,972,39,25,25,2101,110
3195,0,939,46,25,60,4350,160
4343,0,868,58,43,100,5685,168
1243,0,917,55,43,78,2001,93
4809,0,708,64,60,95,5588,254
6117,0,871,65,78,78,7635,235
1660,0,909,68,95,78,2214,127
3683,0,747,71,95,95,4915,195
3917,0,697,69,95,43,5339,182
1095,0,761,73,95,100,1775,112
2400,0,775,63,78,60,3304,192
10476,0,669,75,78,78,13274,318
2471,0,770,70,60,95,3805,212
4063,0,722,62,43,78,5387,276
8947,0,592,89,78,100,12136,311
5263,0,588,85,78,95,7109,187
5784,0,737,87,95,95,7594,233
8586,0,621,94,100,100,11570,343
7217,0,719,92,100,95,9501,227
8703,0,617,88,100,95,11099,280
2545,0,848,77,100,78,3532,197
7416,0,469,96,95,95,9063,321
14604,3,261,99,95,100,18735,465
10240,1,493,92,78,100,12370,367
12961,1,500,97,100,100,15517,378
5858,2,491,92,95,95,7332,276
18075,3,323,99,100,100,22421,464
14539,2,331,100,100,100,17882,424
12396,3,481,96,100,100,15096,400
92,0,67,97,100,100,19917,11
10296,0,315,99,95,100,13499,349
20580,2,288,99,95,100,25171,514
19684,2,420,96,95,95,22951,432
9588,1,419,94,95,100,12378,419
12024,8,290,100,100,100,14815,332
4063,1,661,94,100,95,4963,228
14333,0,425,98,100,100,17966,448
11336,0,358,100,100,100,14928,369
7011,0,377,97,95,95,9095,309
6426,0,442,93,78,100,8194,255
12181,0,572,90,78,95,15688,400
10800,0,434,94,78,100,14530,379
9827,0,407,97,95,100,12570,338
12215,1,330,95,95,100,15846,356
14909,2,380,92,95,100,18898,406
16433,0,375,90,100,100,20778,463
5971,0,430,87,100,100,7812,286
10128,2,302,99,100,100,12498,330
13725,2,498,97,100,100,16970,387
4337,0,484,96,95,100,5427,223
11169,2,332,94,78,100,13285,395
8392,2,351,89,60,100,10823,275
17088,4,450,88,60,100,19557,501
7336,0,254,96,100,100,15965,171
6637,0,435,91,95,100,8581,236
10972,0,492,96,95,95,13861,289
12502,3,485,97,100,100,15648,388
9597,0,313,99,100,100,12489,303
12594,1,333,96,100,100,15953,434
13244,1,402,92,100,95,16106,415
21028,2,431,90,100,100,26580,523
12204,7,324,79,100,100,14497,365
12163,2,408,76,100,100,14500,382
3475,1,375,82,100,95,4194,206
18169,1,350,99,100,95,23343,523
19513,6,204,100,100,100,24298,462
12309,2,476,96,100,100,15095,412
13454,1,285,96,100,100,15871,471
13303,1,496,91,100,100,16579,421
9664,0,458,89,100,100,12195,277
9328,1,443,86,100,100,11498,349
17002,0,299,99,100,100,21724,482
11163,1,384,99,100,100,13837,369
12219,2,299,99,100,100,14500,495
12450,0,378,96,100,100,15535,400
12454,1,423,92,100,95,15610,374
11901,2,355,90,100,100,14983,386
3383,0,417,86,100,95,4615,248
12341,1,318,99,100,100,15166,439
10516,0,364,100,100,100,13288,328
16182,1,367,99,100,100,20373,458
11647,0,417,95,100,100,14204,361
11646,0,325,93,100,100,14890,347
7461,0,414,89,95,100,10134,284
13347,1,418,98,100,100,16459,455
15673,4,375,99,100,100,19335,447
11054,2,518,96,100,100,14073,435
4102,0,55,97,95,100,4872,119
5849,0,346,93,78,100,8749,510
4941,0,427,88,60,100,7807,466
5568,0,616,75,43,100,6954,323
5110,0,585,72,43,100,6723,304
3123,0,496,63,25,95,4485,228
4009,0,726,48,1,95,5524,282
3437,0,564,47,1,60,3867,197
3346,0,535,50,1,95,4790,237
3561,0,650,46,1,100,5273,277
4070,0,614,48,1,100,4947,245
6342,0,548,50,1,95,7626,338
5517,0,575,51,1,95,6629,283
3314,0,518,48,1,60,4430,218
4398,0,647,48,1,78,5759,288
4565,0,606,52,1,100,5881,291
6042,0,513,53,1,100,7114,308
6602,0,514,53,1,95,8586,312
7224,0,585,52,1,95,9117,343
9380,0,403,61,25,100,11057,322
4321,0,652,50,25,60,4916,221
4914,0,617,60,25,100,6003,296
4750,0,591,60,25,100,6207,318
5081,0,547,61,25,100,6132,286
3887,0,601,58,25,100,5198,276
5758,0,627,57,25,95,7040,311
5531,0,487,53,1,95,6751,253
4661,0,547,51,1,95,5498,231
5346,0,606,50,1,95,6728,326
5204,0,594,52,1,100,6533,293
5045,0,698,49,1,100,6950,318
5401,0,678,45,1,95,6820,331
6714,0,503,46,1,95,8356,366
2993,0,469,44,1,95,3741,194
2957,0,539,49,1,78,3841,201
5397,0,596,50,1,100,7146,348
4857,0,650,50,1,100,6241,279
4828,0,652,50,1,100,6045,258
6190,0,640,55,25,78,7341,340
5002,0,594,56,25,95,5946,292
2644,0,525,55,25,95,3443,152
4369,0,522,58,25,95,5279,269
4614,0,537,59,25,100,5624,270
5231,0,580,58,25,100,6794,339
4849,0,538,59,25,100,6159,317
4340,0,530,51,1,100,5869,267
4662,1,634,49,1,100,6017,319
5666,0,541,52,1,95,7088,364
3190,0,514,52,1,100,4103,211
4914,0,645,51,1,100,6226,295
6928,0,651,51,1,100,8401,345
2655,0,520,52,1,100,3810,220
6264,0,565,52,1,100,7610,374
6839,0,516,59,25,100,8491,394
4244,0,526,58,25,100,5498,268
4579,0,520,63,43,100,6721,388
5702,0,485,63,43,95,7385,353
3678,0,510,58,43,60,4704,194
4686,0,538,62,43,100,5930,258
3488,0,487,63,43,100,4620,233
5596,0,589,57,25,100,7247,336
4716,0,761,55,25,100,6370,291
5139,1,602,57,25,100,6508,302
4317,0,558,53,25,78,6114,276
3438,0,453,61,25,100,4520,220
4681,0,485,60,25,100,5970,276
4555,0,635,56,25,95,6114,323
4490,0,635,57,25,100,5899,267
5366,0,630,62,25,95,6672,310
6118,0,689,50,1,95,7877,311
2860,0,569,49,1,78,3673,186
4629,1,570,52,1,100,5792,232
4099,0,436,54,1,95,5041,230
6093,0,616,52,1,100,7922,394
4998,0,604,52,1,100,6467,308
6078,0,545,52,1,95,8105,399
5675,0,476,51,1,100,7580,308
9158,3,602,59,25,100,11228,411
3686,1,579,57,25,100,4691,236
4032,0,592,64,25,95,4892,219
4098,0,601,61,25,78,5167,242
6035,0,548,62,25,100,7920,396
6271,1,640,61,25,100,7747,373
6593,0,693,50,1,100,7516,351
3287,0,637,48,1,95,4087,196
6231,0,613,52,1,100,8015,349
5500,0,639,49,1,78,6850,321
5275,0,594,52,1,100,6839,322
6167,0,561,50,1,100,8049,391
5344,0,549,47,1,100,7685,380
6538,2,524,45,1,95,7714,328
8243,2,461,34,1,78,8940,354
4756,0,598,41,1,100,6018,269
5900,0,636,53,1,100,7213,345
4416,0,681,51,1,100,6025,322
5288,0,630,51,1,95,6383,263
5439,4,390,57,1,100,6435,292
3107,1,561,53,1,100,3863,165
7905,3,574,55,1,100,9352,398
6682,0,591,56,1,100,8230,357
4223,0,667,53,1,95,5677,306
7039,3,584,57,1,100,8559,377
5468,0,638,55,1,100,6898,315
3685,1,574,54,1,95,4458,201
5162,0,654,52,1,95,6220,295
6043,0,657,52,1,95,7463,341
4821,0,625,52,1,100,6071,279
5931,1,390,58,1,100,6938,262
4503,0,451,57,1,100,5347,239
5544,0,524,55,1,100,6830,264
5460,4,530,56,1,100,5970,221
5083,0,645,53,1,100,6464,297
5262,0,696,49,1,100,6826,308
4791,0,710,51,1,95,5823,262
6916,0,529,90,78,100,9316,366
12490,0,492,86,60,100,15808,604
6084,0,688,87,78,95,8226,294
4657,0,849,74,60,95,5556,279
5284,0,439,77,60,100,7051,321
6180,0,906,67,60,78,8851,363
6772,0,552,80,78,100,9458,401
10643,0,593,90,95,100,14491,371
10339,0,551,90,95,100,13668,471
8698,2,497,89,95,95,10233,425
9662,2,520,90,100,100,12363,420
10127,0,551,87,100,100,13608,448
7289,0,582,83,100,100,10127,389
6115,0,492,97,100,100,8479,383
6325,0,585,94,100,100,8641,433
10917,0,552,95,100,100,14230,473
856,0,66,92,95,100,886,37
7818,0,641,84,95,95,10896,519
10189,4,430,94,95,100,11827,453
8280,0,720,89,100,100,11530,381
7479,0,506,87,95,100,9734,369
6576,0,644,87,100,100,9315,424
7347,0,627,84,95,95,9173,394
4292,0,846,75,95,78,6147,354
12733,3,507,88,95,100,15444,433
9880,2,648,88,100,100,12767,385
6770,0,580,86,100,100,9761,384
6540,0,635,94,100,100,8805,274
7034,0,578,94,95,100,9558,315
5045,0,610,89,78,100,7308,335
6764,0,588,81,60,78,8961,329
9757,0,522,86,60,100,12595,448
7548,1,617,80,43,100,9688,329
5945,0,631,80,43,100,8622,303
6493,2,586,80,43,100,8568,288
5291,0,732,74,43,95,7678,304
4907,0,729,74,43,100,7201,295
6370,0,621,76,43,100,8946,343
6199,0,544,69,25,100,8763,343
9396,2,557,74,43,100,11232,316
5481,0,855,66,43,78,7861,323
6323,3,592,78,60,100,8048,290
6723,0,542,78,60,95,9042,369
5786,0,621,76,60,95,8144,305
18385,6,454,89,78,100,21928,571
5152,0,684,85,78,100,6406,285
3240,0,836,72,60,78,4586,255
4650,0,769,68,43,78,6295,301
5382,0,634,66,25,95,7379,310
11988,0,512,77,43,95,15487,456
12187,5,546,78,43,100,14929,463
8120,0,647,83,60,100,11123,405
10252,0,476,88,78,100,13357,422
6075,0,647,87,95,100,8536,362
4976,0,510,95,95,95,6716,318
5992,0,665,91,95,95,8242,320
7769,1,483,89,78,95,9962,375
8839,0,545,94,95,100,11924,382
9045,0,606,92,95,100,11853,397
7863,0,509,84,78,95,9978,364
6223,0,561,76,60,95,8529,292
5685,0,704,80,60,100,7515,348
5498,0,539,69,25,100,7518,310
10235,0,455,71,25,100,13685,497
10974,0,466,79,43,95,14661,477
6876,0,586,76,43,95,9155,339
4771,0,587,73,43,78,6269,253
8645,0,611,79,60,100,10576,479
7861,0,689,72,60,95,11315,432
5635,0,513,72,60,100,7700,307
6248,0,618,71,60,100,8654,396
8318,0,632,73,78,100,10776,532
9883,0,472,82,95,100,12737,469
6181,0,528,80,95,100,8276,348
7364,0,383,84,95,100,9502,305
8113,0,657,80,95,100,10227,476
7854,0,485,82,95,100,10422,406
7019,0,675,76,100,78,9633,352
7787,0,483,85,100,100,10097,396
8129,0,538,88,95,100,10758,303
14936,3,476,93,100,100,17628,567
8280,0,642,87,100,95,11373,411
8598,0,443,97,100,100,11519,319
7044,1,545,94,95,100,8962,346
9534,0,492,96,95,100,13007,418
5859,0,558,90,78,100,8239,350
6844,0,632,84,60,100,9612,429
9605,0,401,92,78,100,12650,461
8407,0,613,86,78,78,11457,389
4733,0,589,88,78,95,6815,351
8876,0,606,84,60,95,11842,314
9501,0,529,87,78,100,12822,375
9125,2,484,85,78,100,11905,319
6934,0,595,81,78,100,9683,316
4933,0,686,92,95,100,7239,406
7881,0,552,94,95,100,10531,425
7670,4,529,96,100,100,9171,333
4085,0,715,90,95,95,5691,231
6832,0,637,92,95,95,9636,333
7354,0,516,92,95,100,10318,398
7166,0,631,90,95,95,9917,312
7424,0,489,88,78,100,10621,358
5461,0,463,87,78,100,7541,433
5452,0,551,76,60,100,7858,306
6300,0,563,77,60,100,9497,342
5172,0,643,69,43,95,7226,295
5653,0,573,67,25,100,8478,346
8940,0,515,75,43,100,12343,406
2667,0,533,90,78,100,3622,220
2228,0,556,83,60,95,3222,178
2315,0,454,76,43,100,2929,164
2072,0,468,73,43,100,2911,153
4069,1,411,69,43,100,5441,311
3993,1,579,51,1,100,4470,241
4143,0,478,55,1,100,5392,223
3082,0,498,55,1,100,4038,203
3608,0,644,52,1,95,4539,224
3443,0,673,52,1,95,4866,222
1738,0,487,55,1,100,2506,153
3154,0,575,53,1,100,4403,223
5480,3,433,55,1,95,5596,242
1988,0,506,58,1,100,2678,125
3717,0,490,60,1,100,4352,177
5261,0,441,58,25,100,6175,266
5301,1,581,58,25,100,6348,300
5852,1,479,61,25,100,7152,353
2049,0,274,66,43,100,3132,209
3456,1,602,65,43,100,4940,287
1300,0,286,67,43,95,1752,108
4039,0,493,65,43,100,4930,237
4571,0,671,57,25,95,5990,278
2867,1,383,60,25,95,4127,241
3124,0,638,52,1,100,3926,171
3940,2,518,55,1,95,4257,160
3357,1,362,58,1,100,4026,220
2807,0,529,55,1,100,3690,165
4885,2,454,64,25,100,6188,259
5075,0,388,65,25,95,7114,407
4523,2,548,63,25,95,5463,208
5658,3,355,70,43,100,6530,216
3745,0,629,63,43,78,5457,295
4831,1,312,80,60,100,6138,278
1502,0,493,77,60,100,2185,125
5343,3,419,78,60,100,5743,272
4609,1,513,79,60,100,5585,272
1089,0,483,75,60,95,2045,128
3344,0,609,66,43,95,4674,260
4050,0,648,67,43,100,4765,253
1612,0,550,63,25,100,2336,127
912,0,479,61,25,78,1468,90
2320,0,598,50,1,100,3482,198
3347,0,471,52,1,100,4840,232
3491,1,655,48,1,95,4140,227
1962,0,461,51,1,100,3109,188
3331,3,460,54,1,100,3945,191
3022,1,620,50,1,95,3817,204
3686,0,547,52,1,95,4964,218
936,0,617,52,1,100,1805,111
3338,1,512,52,1,95,4506,233
10101,0,339,98,95,100,12794,613
7248,0,492,95,95,100,8638,368
6046,0,409,94,95,100,7555,296
8524,0,420,94,100,100,10562,465
8147,0,407,89,95,100,9498,389
7386,0,524,86,100,100,8984,342
12798,0,462,91,100,100,14822,562
6084,0,456,94,100,100,7525,319
5841,0,622,94,100,95,7048,326
10330,1,393,98,100,100,12400,523
7736,0,597,95,100,100,9671,345
5855,2,521,90,95,100,6724,266
4728,0,381,87,95,100,5857,271
6096,0,659,78,95,95,7739,353
5955,0,679,75,100,60,7383,347
6289,0,502,82,100,100,8636,425
11997,0,513,81,100,95,14052,569
11519,0,429,91,100,100,14972,559
4272,0,433,95,100,100,5476,216
5618,0,601,93,100,95,7165,346
5786,0,516,88,95,100,6833,296
9448,0,486,89,95,100,11200,474
4890,0,580,87,78,100,6609,315
9744,0,628,89,95,95,11591,484
5417,0,542,93,95,95,6629,272
5580,0,620,93,100,95,6534,283
2656,0,397,91,95,95,3638,186
5566,0,510,89,95,100,6514,289
7218,1,427,88,100,100,8803,408
8511,0,439,89,100,100,9578,413
4491,1,589,77,78,95,5688,256
7163,2,585,83,95,100,8689,377
6582,0,667,76,78,100,8341,362
9280,0,498,85,95,100,11070,477
5494,0,675,81,95,100,6658,306
5705,0,440,82,78,100,7157,283
3083,0,659,81,95,100,3914,191
7524,1,481,86,95,100,9094,406
2717,0,881,70,78,95,4062,224
5939,0,695,76,78,100,7874,398
4421,0,522,78,78,100,5377,245
8121,0,500,74,78,95,9875,427
3764,0,502,71,60,100,5083,254
4481,0,615,69,60,100,5849,280
1615,0,295,78,60,100,2011,98
7418,0,530,76,60,100,9394,398
6882,0,639,67,43,95,8496,346
3451,0,704,67,43,100,4968,262
7539,0,522,74,60,100,9912,466
4302,0,404,69,43,100,5675,230
3609,0,457,67,43,95,4271,160
8493,1,772,57,25,95,10529,393
4996,0,610,66,25,100,6581,288
4390,0,678,65,25,95,6222,288
11702,1,419,73,43,100,12694,594
4427,0,527,69,43,100,5719,254
9662,0,536,65,43,100,12496,532
6416,1,554,71,60,95,7849,316
11209,3,419,97,95,100,13401,352
5132,2,622,84,60,100,5980,268
9111,2,478,92,78,100,11797,355
9097,2,465,87,60,95,10727,287
8183,2,472,83,43,100,9572,393
11625,3,565,85,60,100,14449,415
6537,0,506,82,43,100,8045,335
8549,2,422,83,43,95,10607,374
8181,0,497,87,60,100,10435,395
10504,3,421,88,60,100,13023,475
13710,3,541,91,78,100,17264,466
9007,1,454,93,95,78,10884,245
8327,1,534,87,78,100,11371,360
11886,1,423,91,95,100,14597,384
6832,2,616,85,95,95,8744,354
9332,3,528,90,78,100,11434,312
12239,8,468,91,78,95,14464,366
11343,6,539,89,78,95,14130,382
9236,1,444,88,78,100,11436,401
11005,6,508,96,95,100,12932,331
9005,0,480,96,95,95,11493,372
11707,6,479,97,100,100,14559,416
12759,3,442,98,100,100,15687,457
11452,1,422,97,100,100,14959,368
11015,3,410,95,100,100,13917,400
11190,3,587,89,100,100,14156,413
8983,0,435,90,100,100,12101,410
8129,0,485,97,100,100,10761,298
10630,2,460,96,95,100,13727,377
9439,2,474,96,95,100,11650,356
10065,2,495,92,78,100,12669,368
10177,2,464,97,95,100,12791,353
11178,3,518,89,95,95,14535,379
11157,2,438,93,95,100,14027,448
10695,4,420,92,100,100,13160,460
6996,2,412,90,100,100,9297,331
12620,3,463,96,100,100,15338,411
7718,2,459,96,95,100,9947,367
11002,1,464,96,95,100,14210,362
12999,2,437,92,78,95,16044,436
6975,4,491,87,60,100,8487,370
11432,3,508,91,78,100,14880,373
11076,2,438,93,78,100,14414,311
7690,2,411,92,78,95,9408,419
13150,5,436,92,78,95,16329,393
10485,1,474,96,95,95,13714,368
10493,2,496,95,95,100,13563,328
11138,2,455,94,100,100,14143,382
11514,5,478,89,100,78,14672,371
10172,11,621,86,100,100,12637,325
10105,1,410,77,100,95,12880,334
11540,7,486,75,100,100,14986,370
12113,3,423,74,100,100,14387,421
9486,5,350,83,100,95,11259,437
7272,2,376,97,95,100,9536,271
9336,2,448,97,95,100,11778,346
8766,4,473,92,78,100,11262,345
10930,2,405,93,78,100,14078,419
9437,1,377,93,78,95,12894,355
11519,4,507,91,78,100,14302,419
9824,1,482,96,95,100,13185,414
6662,2,458,96,95,100,8440,337
6972,1,328,98,95,100,9056,358
11863,3,435,97,95,100,14482,416
12216,3,424,97,95,100,15029,400
10323,2,434,96,95,100,13242,407
10742,2,364,95,95,100,13540,355
7185,1,453,82,60,95,8971,351
13537,2,427,93,78,100,17242,439
6290,2,479,91,78,95,7954,352
9176,2,455,92,78,100,11490,292
23168,2,347,98,95,100,29093,488
23312,7,313,99,95,100,27754,559
16583,4,342,98,95,100,19718,530
14688,3,457,94,100,100,17849,488
16432,10,376,93,100,100,18213,468
13816,1,421,90,100,100,16408,472
11780,0,413,77,100,100,14062,394
4441,1,567,82,100,100,5476,190
7804,0,352,99,100,100,9590,256
16012,0,329,99,100,100,19212,555
15639,1,343,100,100,100,19533,461
20002,2,362,99,100,100,23660,543
21204,10,441,95,100,100,24979,529
12893,1,350,93,100,100,15008,454
6020,0,418,90,100,100,6973,253
13690,1,414,98,100,100,15860,428
12451,4,423,98,100,100,14324,404
12060,9,432,97,100,100,13480,425
12055,1,465,95,100,100,14280,397
13685,3,404,93,100,100,16229,428
16957,6,369,90,100,100,18968,520
16571,0,450,77,100,95,18055,471
14993,1,333,77,100,100,18305,469
16739,2,427,74,100,100,19685,562
17517,3,338,75,100,100,20324,562
12430,0,437,77,100,95,15205,368
12672,2,385,85,100,100,15021,381
13992,1,490,72,100,100,17387,407
9675,2,405,83,100,100,11396,337
15326,10,495,97,100,100,17896,425
14422,1,415,99,100,100,17264,476
12087,2,522,96,100,100,13884,344
12092,1,466,94,100,100,14479,424
14017,0,467,98,100,100,17366,452
15044,1,396,99,100,100,18035,434
7086,0,488,97,100,100,8541,254
15015,3,432,99,100,100,17687,468
14724,0,366,99,100,100,17128,429
19145,2,356,100,100,100,21633,523
15091,0,522,96,100,95,18479,394
18217,7,414,98,100,100,21363,406
16378,3,380,95,100,100,19583,400
18623,3,325,93,100,100,21438,516
20983,3,389,90,100,100,24623,568
15397,4,386,78,100,100,17009,464
13935,3,284,86,100,100,15872,549
14850,0,320,99,100,100,16499,556
15649,0,289,100,100,100,17644,633
9976,1,458,97,100,100,11560,408
19340,11,288,99,100,100,21575,505
14955,3,330,100,100,100,18211,475
14107,1,406,98,100,95,16774,489
12637,2,422,95,100,100,14396,447
11946,4,478,92,100,100,13732,379
15268,3,376,90,100,100,17767,485
6294,2,426,87,100,100,7183,301
19095,4,391,98,100,100,22763,464
6448,5,434,97,95,100,7274,258
10273,9,544,96,100,100,11159,319
10439,8,466,98,100,100,11458,338
11019,1,462,97,100,100,13478,346
15909,6,400,96,100,100,19179,366
5942,8,499,91,100,100,6231,224
18140,1,417,99,100,100,21268,541
13852,2,338,99,100,100,16335,388
14252,6,472,97,100,100,16106,431
16761,3,330,96,100,100,19251,474
10931,1,379,92,100,95,13219,302
19501,4,352,90,100,95,23035,533
5602,0,531,85,100,100,6635,242
14666,3,361,99,100,100,16909,442
3005,0,289,97,100,95,15188,109
6374,0,461,97,100,100,7393,262
14829,2,474,98,100,100,17358,430
8825,0,439,98,100,100,10282,279
9602,3,520,96,100,100,10502,331
13936,2,496,97,100,100,16318,417
13047,5,360,99,100,100,14832,387
13499,1,401,96,100,100,16441,466
5213,1,681,88,100,100,6274,233
10011,5,546,96,100,100,11085,368
11304,0,409,98,100,100,13888,330
6724,1,597,94,100,100,7618,274
13504,1,482,97,100,100,15721,442
15151,4,394,99,100,100,18079,448
14982,7,410,98,100,100,17452,474
16282,11,338,96,100,100,19187,602
16680,2,355,93,100,100,19480,556
12743,1,340,91,100,100,15375,435
8314,0,461,86,100,100,10222,280
6565,3,612,94,100,100,7329,255
13883,2,464,98,100,100,16687,418
14597,3,386,99,100,100,16297,463
13732,1,536,96,100,100,16135,427
14620,2,485,94,100,100,16488,473
13674,4,477,91,100,100,15956,421
12772,13,496,88,100,100,13178,387
12865,6,248,79,100,100,14568,368
18463,6,382,76,100,100,21746,522
14171,3,496,72,100,100,16899,448
21649,0,277,75,100,100,26272,471
8475,1,372,84,100,100,10099,270
10043,2,365,100,100,100,12135,297
8782,7,556,96,100,100,9681,312
11544,3,566,95,100,95,12880,359
14114,2,472,94,100,100,16789,472
13017,4,377,93,100,100,14791,440
12318,4,476,89,100,100,14244,370
9997,1,385,87,100,95,11952,354
16934,11,459,97,100,100,19849,365
13126,4,496,97,100,100,15083,423
17851,3,454,97,100,100,21964,483
17245,5,432,95,100,100,20419,569
10872,0,348,94,100,100,11939,406
11403,9,507,97,100,100,12344,377
17250,3,393,99,100,100,20527,433
15164,7,436,97,100,100,18414,384
13196,2,400,95,100,100,15516,455
13539,3,509,90,100,100,16385,429
6111,1,617,86,100,100,7224,276
10552,0,500,96,95,95,12089,442
12778,0,495,95,95,95,13869,436
11338,0,375,99,100,100,11917,449
11977,0,408,98,100,95,13898,496
14261,0,311,99,100,100,16475,480
13180,0,278,99,100,95,15158,524
16273,1,439,98,100,95,16534,502
9234,2,384,98,100,95,9935,295
16123,0,499,96,100,95,16288,510
10488,0,318,99,100,100,12001,458
10642,0,640,90,100,60,11224,382
8047,0,441,96,100,78,9745,371
12981,0,363,98,100,100,15087,510
3708,0,476,96,100,100,5034,228
10161,2,445,96,100,95,11684,474
6953,0,467,91,100,95,8031,321
9017,0,662,87,100,100,10904,429
4149,0,661,78,95,60,5116,185
18075,1,278,95,95,95,17750,466
7619,0,474,91,100,95,7527,335
9016,0,343,93,100,100,10674,409
9405,0,517,90,100,95,10546,377
4971,0,636,83,95,95,6029,257
7507,0,336,87,95,95,8571,350
3555,0,488,75,78,100,4435,202
6559,0,484,82,78,95,7468,306
13066,2,234,94,95,100,13516,436
635,0,562,88,95,95,997,51
4301,0,371,85,78,100,5281,245
2400,0,599,72,60,100,3094,151
2002,0,536,68,43,100,2913,158
3902,0,606,57,25,100,4738,218
4871,0,577,57,25,95,5778,249
5958,0,448,60,25,100,7018,301
7833,0,307,66,43,100,9125,377
4778,0,480,65,43,100,5839,270
4366,0,576,63,43,100,5407,240
3456,0,597,62,43,95,4425,175
8479,0,262,66,43,95,9897,391
7351,0,360,72,60,100,8882,361
5056,0,392,67,43,100,6267,334
8690,0,314,74,60,100,9541,312
4995,0,525,70,60,100,6243,292
10001,0,273,73,60,100,12289,439
8232,0,344,77,78,100,9506,403
11367,0,294,83,95,100,12616,460
7707,0,421,80,78,100,9025,387
10220,0,350,80,78,100,11268,407
5432,0,471,74,60,100,6930,278
14363,7,465,96,95,95,17465,308
14225,3,466,95,95,95,17893,312
4166,0,549,90,78,100,5644,222
14283,0,712,90,95,78,19349,298
9388,0,553,95,95,100,12442,250
11808,4,587,93,95,95,14844,265
2518,0,578,90,95,95,3085,110
10870,1,473,96,95,100,13737,249
10517,0,692,87,78,95,13487,246
8478,0,518,91,78,100,10533,225
1838,0,608,86,78,78,2534,82
8120,0,670,92,95,100,9440,250
11832,0,495,96,95,95,15400,285
7272,0,461,92,78,100,9452,199
10237,0,691,89,95,78,13750,243
8671,0,561,89,95,78,10766,240
9719,0,525,90,95,100,11947,233
3719,0,738,83,95,95,4414,170
3799,0,578,86,78,60,4873,145
13086,4,580,89,78,95,16924,285
9431,0,516,96,95,100,12042,224
1714,0,845,77,60,78,2454,97
10826,0,430,86,60,95,13825,276
9000,2,475,92,78,100,10696,206
2269,0,777,85,78,100,3324,137
12785,3,383,94,78,100,16135,268
7212,0,471,85,60,78,9499,227
11346,2,669,80,78,60,13638,267
2488,7,770,71,60,78,2963,72
1802,0,550,86,60,100,2614,105
12653,5,601,86,60,100,15944,263
10721,2,406,93,78,100,13591,206
8530,1,645,92,95,95,8747,246
11639,2,409,94,95,95,14631,238
984,0,591,84,78,100,1650,79
3245,0,567,88,78,78,4350,101
3433,0,738,85,78,78,4656,164
2850,1,440,86,60,95,3610,130
8479,0,591,78,43,78,11017,240
9882,1,536,79,43,100,12070,296
1601,0,503,79,43,100,2640,119
1484,0,841,67,43,60,2499,124
1587,0,588,72,43,95,2626,140
11317,0,563,85,60,95,15120,234
13017,2,580,89,78,95,16013,300
10273,0,475,88,78,95,13331,206
11254,0,675,84,95,78,14704,245
8378,2,501,88,100,100,10064,198
5766,0,794,80,100,100,7876,201
12468,3,471,97,100,100,16399,254
12192,2,653,92,100,78,16233,253
9772,0,445,97,100,100,13103,219
9726,4,555,90,100,78,11782,227
11764,3,387,93,100,100,15165,205
1074,0,673,80,95,60,1544,56
12744,4,372,99,100,100,16098,317
12950,2,605,94,100,95,16557,287
11308,3,650,93,95,100,14501,256
12497,2,455,91,78,95,15678,245
12369,1,322,64,25,100,14332,649
6198,0,597,58,25,78,7804,364
13662,0,563,74,43,95,15652,550
17963,1,415,97,95,100,20532,626
13823,5,482,94,100,100,15342,459
14061,1,524,97,100,100,17038,579
7588,1,394,90,100,95,9615,524
9337,1,499,97,100,100,10687,491
12466,4,544,96,100,95,14970,541
13003,0,401,95,100,100,16752,567
12913,1,453,92,100,100,15207,544
16361,3,438,90,100,100,19098,720
11532,3,415,78,100,100,13581,555
5828,1,568,82,100,95,7922,509
12080,1,593,93,100,78,14440,492
11392,1,474,97,100,100,13609,472
10522,0,575,95,100,95,12887,443
13704,4,530,93,100,95,16487,565
11497,0,553,90,100,100,13995,457
11914,0,513,88,100,100,13988,545
9860,3,635,81,100,78,11681,450
8259,0,503,83,100,100,10306,372
10813,0,546,80,100,100,13367,433
10444,0,613,79,100,100,12665,488
13742,1,460,73,100,100,16111,585
7541,0,383,84,100,100,9128,433
10950,2,720,93,100,100,13098,514
7007,0,594,95,100,100,8886,292
18416,2,362,99,100,100,21907,618
13004,7,522,97,100,100,15414,511
11273,2,484,97,100,95,13525,545
11009,0,590,91,100,95,13747,490
10121,3,472,92,100,100,11089,369
8140,0,729,78,100,25,9984,388
8310,0,502,97,100,100,9895,314
12856,2,549,96,100,100,15247,449
12398,0,623,90,100,60,14956,495
12548,0,485,94,100,100,14788,452
16213,6,447,92,100,100,19246,646
11582,2,428,89,100,100,15083,517
10251,2,543,85,100,100,12587,544
10421,5,508,97,100,100,12217,543
16081,1,426,98,100,95,18531,607
13523,0,424,99,100,100,16126,574
10284,1,568,96,100,95,12309,460
13217,4,503,94,100,95,15193,480
11873,0,511,91,100,100,14136,518
9641,0,595,86,100,95,11977,521
4957,2,536,84,100,100,6949,376
14753,0,534,97,100,100,18360,676
14234,9,422,98,100,100,17028,596
10942,1,623,94,100,95,13273,502
11011,0,596,96,100,95,13309,512
6470,0,562,96,100,100,8775,424
2279,0,737,90,100,78,3306,167
11681,0,619,94,100,95,15127,518
11550,1,536,94,100,78,13979,399
10437,0,690,92,100,95,12291,393
8278,0,597,92,100,100,10665,427
9058,0,699,85,100,100,11575,388
5102,2,586,83,100,95,6705,373
13936,3,662,92,100,78,15868,504
4739,0,608,82,60,78,5884,201
5449,2,669,75,43,95,6511,186
2560,0,625,49,1,78,3292,96
1770,0,731,47,1,100,2744,155
6393,1,785,46,1,78,7405,305
2283,0,705,46,1,78,3545,175
4388,0,675,50,1,100,5746,187
1516,0,691,47,1,78,2023,93
4180,3,432,55,1,100,4563,185
6379,2,563,55,1,100,7237,253
9775,6,544,68,25,100,10328,315
3385,0,699,61,25,100,4120,206
3048,0,641,63,25,78,4130,130
2835,1,443,69,25,100,3661,95
1257,0,623,63,25,100,1971,99
3219,1,490,65,25,100,3435,130
7542,1,514,66,25,100,8972,244
3068,0,710,49,1,78,3743,135
3234,0,658,52,1,100,4323,225
7514,0,579,55,1,95,9557,282
1983,0,759,47,1,78,2823,140
5279,3,468,61,25,95,5867,197
5921,0,707,60,43,78,7434,263
3027,1,612,63,43,100,4053,234
4335,4,774,56,43,60,5025,181
2596,0,643,61,43,95,3298,131
1365,0,520,62,43,95,1956,113
3432,1,487,57,25,95,4371,120
1244,0,543,58,25,100,1519,88
5555,1,574,52,1,100,6520,216
5891,3,403,56,1,95,6366,155
4045,1,645,53,1,100,4922,176
1092,0,662,51,1,95,1747,98
1891,0,712,49,1,95,2281,121
3347,2,660,51,1,100,4252,171
7528,2,594,58,1,100,8905,272
1588,0,725,54,1,95,2576,163
4508,0,614,64,25,95,5893,233
1299,0,414,67,25,100,2121,129
1909,0,516,63,25,95,2532,105
10135,1,566,76,43,95,12629,256
7879,1,534,75,43,100,9321,335
8360,0,442,80,43,100,10406,234
2244,0,520,76,43,95,3225,134
1278,1,693,70,43,100,1902,101
2010,0,551,64,25,100,2771,103
4268,2,665,59,25,78,5118,218
2757,1,671,50,1,95,3243,140
1749,0,549,52,1,95,2206,113
4473,2,667,51,1,100,4765,154
934,0,424,54,1,100,1297,68
9327,0,570,67,25,100,11721,247
4709,2,751,61,25,78,5352,245
1198,0,648,63,25,100,1947,110
3439,2,723,58,25,60,3523,116
2098,0,713,59,25,78,2849,143
2211,1,685,60,25,100,2264,111
1962,0,677,60,25,100,2509,114
879,0,563,50,1,100,1415,82
1061,0,753,49,25,78,1544,86
733,0,471,57,25,78,1276,65
2936,2,751,54,25,95,3585,135
1554,0,750,46,1,100,2144,117
14663,23,614,88,95,78,16188,440
12630,0,536,89,95,100,15447,404
8344,2,595,81,78,100,11623,412
7216,1,734,82,100,100,9879,301
5194,0,781,88,95,78,6969,220
8760,4,584,95,100,100,10968,341
15408,7,599,95,100,100,18160,397
7606,3,653,93,100,95,9417,251
14146,5,603,95,100,100,16437,413
14481,1,653,95,100,100,17894,422
13498,10,573,95,100,100,15813,344
13697,8,533,93,100,100,16659,401
12351,1,627,89,100,100,15525,347
17184,3,577,87,100,100,22421,396
20537,5,492,97,100,100,26137,509
9571,1,549,97,100,100,11971,328
6993,0,701,92,100,95,9268,264
15113,0,518,96,100,100,19550,376
17185,2,572,96,100,95,21153,483
7651,0,774,92,100,95,10430,312
11844,0,716,93,100,95,15858,362
14311,3,628,94,100,95,18045,441
11512,1,598,93,100,78,15496,326
8805,0,767,89,100,95,11939,352
9380,0,607,95,100,100,12364,333
7425,0,603,93,100,78,9705,278
5655,0,722,91,100,78,7704,198
5169,0,570,95,100,100,6868,260
10690,13,685,93,100,100,12559,313
6731,0,667,93,100,95,9613,245
8461,3,784,91,95,100,10822,314
12541,1,713,94,100,100,15900,430
8743,0,531,96,100,95,11779,347
7627,0,709,92,100,95,9493,267
7814,0,838,91,100,100,11136,351
4353,0,670,93,100,95,5868,215
2889,0,704,92,95,100,4222,221
7300,0,808,86,78,100,9935,329
10517,1,543,93,95,100,13235,364
13752,4,717,88,95,60,16844,378
13378,0,544,95,95,100,17261,464
11286,3,506,93,95,100,14293,375
9827,5,643,89,100,100,13044,350
11646,0,746,84,100,100,14681,398
2775,0,682,80,100,78,4046,207
8449,0,658,94,100,100,10558,296
9618,0,671,94,100,100,12717,302
8608,0,640,94,100,100,11109,260
8244,1,678,89,95,100,11022,313
7225,0,750,92,100,100,9396,261
5920,0,679,83,95,95,8069,235
3766,0,892,89,95,100,5228,270
6774,0,781,90,95,95,8888,265
8845,0,807,85,78,95,11605,354
7938,0,717,93,100,100,10731,277
10227,0,733,90,100,78,12646,344
10762,13,611,89,78,95,12762,243
9007,0,473,96,95,100,11472,359
11369,1,454,97,95,100,13607,385
13538,1,454,95,95,95,16147,507
10213,0,480,98,100,100,12353,376
13491,0,418,98,100,100,16232,573
8881,1,445,97,100,95,10571,328
10798,0,574,84,100,95,13241,470
4554,0,379,84,100,100,5482,256
10063,1,576,96,100,100,12537,433
7351,0,438,98,100,100,9642,296
8869,1,564,94,100,100,11703,398
4266,0,474,94,100,100,5374,266
6753,2,699,93,100,95,8456,263
5424,1,429,97,95,100,6960,201
4920,1,728,85,78,95,6111,309
6572,0,495,91,78,100,8352,348
10890,1,462,91,78,100,12530,506
8499,0,408,91,78,95,10431,411
10448,0,489,95,95,100,13117,469
10185,0,430,93,95,100,12819,410
8336,1,493,91,100,100,10436,393
8444,4,496,97,100,100,9733,282
9006,0,519,96,100,100,11767,428
10974,0,497,96,100,100,13531,426
11441,0,531,93,100,95,14135,517
11674,0,302,93,100,100,14228,500
11048,0,492,88,100,100,13519,447
8374,0,429,86,100,100,9945,403
9168,0,556,95,100,95,11509,376
8927,0,447,98,100,95,10464,459
7428,1,551,96,100,100,9353,365
7392,1,544,80,100,95,8497,391
9734,0,502,96,100,100,11575,450
9330,1,458,97,100,100,11182,348
8890,0,512,93,100,100,10350,319
12803,0,437,92,100,100,14753,527
8835,0,336,99,100,100,10529,381
9248,2,634,91,100,100,11416,398
8428,0,379,85,100,100,10621,413
7964,0,485,81,100,100,10306,411
9125,1,473,97,100,100,11368,422
10388,2,561,95,100,95,12439,417
7638,1,527,96,100,100,9547,349
8413,4,441,98,100,100,10733,366
7273,1,550,95,100,100,9444,351
8997,1,521,89,100,100,10810,351
7333,1,438,89,100,100,8875,304
8849,0,528,73,100,95,11137,403
10491,2,505,72,100,100,12651,413
9361,0,418,74,100,100,11428,387
7755,1,478,82,100,100,9546,281
5222,1,579,77,100,78,5818,273
10382,0,398,98,100,100,13700,425
9280,0,545,96,100,100,11666,384
10305,0,504,96,100,100,13050,429
7645,0,468,94,100,100,9266,450
8682,0,363,99,100,100,10958,377
7716,0,523,96,100,95,9141,283
8692,0,395,97,100,95,10163,329
7492,2,591,92,100,100,9985,379
10237,0,335,93,100,100,12263,320
6912,0,459,86,100,95,9635,383
4323,0,390,99,100,100,7872,532
7760,0,478,97,100,100,10109,334
9587,2,593,95,100,100,11679,456
14391,1,372,99,100,100,17227,556
4945,0,638,93,100,95,7117,353
8891,0,413,98,100,100,10600,510
7672,1,652,92,100,95,9414,329
12374,0,387,99,100,100,14849,469
7354,0,378,99,100,100,9239,329
8939,7,726,92,95,100,10221,410
8195,3,563,94,95,100,9802,404
7031,1,674,92,95,100,8913,343
4959,0,643,90,95,100,5734,285
10901,2,545,96,100,100,14277,433
9164,0,584,95,100,100,11317,504
11993,0,469,98,100,100,16501,682
13742,5,314,99,100,100,16924,794
3678,0,502,91,100,100,5905,389
7956,8,705,93,100,100,9538,406
8897,2,574,95,100,100,10546,378
3549,0,722,91,100,95,5398,278
6019,5,681,93,100,100,7415,345
9223,0,495,97,100,100,12103,419
4525,2,616,93,100,100,6650,374
10436,6,647,94,100,100,12923,406
6019,0,596,95,100,100,7828,378
5785,1,690,93,100,100,7876,360
6842,3,554,95,100,95,8141,293
12664,4,531,95,100,100,15713,403
10732,2,655,91,100,100,13823,359
6283,2,627,89,100,95,8233,414
7207,6,566,87,100,100,9085,468
6001,6,777,89,100,78,6985,287
9559,2,823,89,100,78,11799,293
7009,0,705,93,100,100,8783,354
5901,2,633,95,100,100,7288,322
9406,6,634,94,100,100,11215,408
3771,0,470,96,100,100,5711,377
5382,0,684,93,100,100,6843,346
4582,3,709,92,100,100,5486,227
8524,6,679,93,100,95,10310,329
10956,4,671,93,100,100,13565,431
6335,8,583,92,100,100,7825,392
5530,8,763,86,100,100,7325,379
5759,7,601,95,100,100,6452,333
6330,4,525,97,100,100,8310,485
4657,4,703,92,100,95,5578,267
10859,4,578,95,100,100,14043,448
2447,6,132,93,95,100,2478,100
13318,0,529,95,95,95,15857,429
7017,0,477,96,95,95,8977,421
6645,0,432,95,100,100,8225,419
6818,1,506,89,100,95,8505,365
8744,1,446,92,100,100,9872,438
6055,1,602,87,100,78,7659,396
7657,0,380,93,100,100,9357,446
9041,0,349,93,100,100,10917,522
10508,0,508,95,100,95,13710,534
17734,0,283,99,100,100,22202,757
13890,2,345,96,100,100,15256,647
6153,0,581,89,100,95,7253,364
14657,0,380,99,100,100,17555,570
10189,0,400,99,100,100,12640,465
9834,0,413,97,100,100,10898,444
7063,0,507,94,100,100,8812,398
8129,0,334,99,100,100,10775,572
15094,2,618,92,100,78,18604,495
7302,0,493,96,100,95,8732,380
8564,0,502,96,100,100,11159,528
7861,0,417,95,100,95,10089,453
11090,0,437,98,100,100,14355,452
13301,0,296,100,100,100,18062,579
12794,0,438,98,100,100,15392,493
8454,0,506,94,100,100,9621,461
8346,1,524,96,100,95,9654,427
16127,0,386,99,100,100,20200,589
8145,0,349,99,100,100,10256,503
12444,2,389,99,100,100,14945,537
7996,0,422,98,100,100,9929,515
12887,0,351,99,100,100,16038,553
16329,2,266,100,100,100,20164,587
5678,0,460,98,100,100,7242,404
14816,0,380,99,100,100,18089,566
12557,1,455,98,100,95,14366,459
11633,0,348,99,100,100,14573,480
10736,1,377,95,100,100,13790,467
9277,0,370,92,100,100,11303,550
10861,0,422,98,100,100,14518,510
5385,1,461,97,100,95,6381,329
15078,1,324,98,100,100,18352,620
6224,0,462,94,100,100,7707,398
12418,1,413,99,100,100,15051,492
15651,1,247,100,100,100,19188,564
13704,0,512,95,100,100,17667,527
13789,1,422,95,100,100,17387,594
4965,0,597,89,100,100,6758,352
14509,0,355,100,100,100,18786,537
14560,2,363,99,100,100,17903,520
16274,1,339,98,100,100,20920,606
10536,2,541,93,100,100,14470,510
10074,0,355,93,100,95,12292,580
5978,0,574,95,100,100,8233,389
8625,1,467,96,100,95,9991,454
7217,0,335,97,100,95,10074,546
7522,0,471,92,100,100,10179,510
7958,0,452,88,100,100,10067,476
7044,0,681,84,100,95,8831,332
13005,2,355,99,100,100,17062,472
14582,2,351,99,100,100,18661,553
9435,0,346,98,100,100,12385,573
14494,1,266,100,100,100,15980,578
6082,0,414,98,100,100,8472,478
15568,0,393,99,100,100,18268,661
8015,0,426,97,100,100,10342,467
16410,2,266,100,100,100,20762,629
10043,0,334,99,100,100,11936,561
13340,0,355,100,100,100,16603,500
6002,0,521,96,100,100,8027,422
4978,0,515,95,95,100,6468,384
6810,0,355,95,95,100,9231,461
11777,0,496,92,78,100,14820,365
7438,0,293,90,60,100,9163,235
9591,1,328,89,60,100,9839,320
9190,2,621,78,43,78,11550,315
13028,2,326,84,43,100,15205,597
12127,1,494,86,60,95,13392,455
15997,0,398,93,78,100,19050,530
10218,0,338,93,78,100,12431,367
7894,0,413,90,78,100,8732,362
4113,2,436,89,78,95,4529,204
7094,1,583,81,78,78,8596,313
11118,1,354,90,78,95,13064,328
10178,0,438,91,78,100,12655,352
10631,1,593,89,78,95,13280,311
4390,0,608,81,60,100,5217,231
14392,1,460,92,78,100,16133,459
3930,1,588,89,78,95,5068,212
10772,0,542,95,95,100,13916,363
11825,5,403,97,95,100,13460,289
9837,0,562,91,95,100,12508,297
11285,1,405,92,100,95,13327,373
9554,1,360,90,100,100,11598,286
10645,2,558,73,100,100,12821,380
14313,3,456,73,100,100,17334,400
10562,1,525,71,100,95,12375,343
12080,0,429,73,100,95,14483,391
11377,0,534,71,100,95,13711,412
13896,6,529,71,100,95,15600,418
4039,0,553,80,100,95,4595,206
10739,3,557,93,100,78,12876,332
9813,1,372,99,100,100,10775,302
7169,0,425,96,95,100,8641,274
5306,0,508,90,78,100,7155,201
5011,0,730,82,60,95,6380,225
13794,0,460,87,60,100,16669,382
7587,2,420,92,78,100,7946,313
14366,1,437,89,78,100,16139,637
16260,0,268,88,78,100,17838,720
10940,0,554,94,95,95,13062,342
7524,0,506,95,95,95,8248,335
5453,3,743,84,78,78,6367,276
7111,0,449,95,95,100,8241,304
6360,1,571,87,78,100,7361,298
7060,1,724,72,60,78,8365,295
8588,1,506,87,78,100,10358,281
5282,1,644,76,60,95,6006,260
11612,0,595,81,60,95,13261,387
6120,1,673,83,78,78,6805,266
2739,0,439,83,60,100,3500,178
7596,3,547,84,60,95,9086,280
6996,0,644,81,60,95,8049,282
1913,1,467,75,43,95,2463,119
8281,2,504,75,60,95,8961,356
10721,0,539,86,95,78,11887,391
4564,0,609,87,95,100,5781,248
16278,10,466,98,100,100,16239,403
14690,0,333,99,100,100,15354,452
4702,2,775,87,95,78,5453,194
2905,0,474,85,78,100,4112,200
2262,0,715,68,60,78,3068,141
3463,0,961,59,60,43,4503,182
7092,0,536,69,60,95,9177,263
5021,0,627,65,43,78,5928,226
7560,0,683,69,60,60,9076,288
2659,1,576,70,43,100,3304,124
1929,0,830,64,43,100,2953,152
4408,0,626,67,43,95,5815,208
4781,5,550,60,25,95,5132,191
4155,0,668,53,1,95,5484,166
9466,0,305,72,25,100,11381,262
2515,0,730,65,25,95,3302,160
9217,0,544,73,43,95,11373,332
7744,0,628,81,60,100,9717,253
3275,0,548,83,60,95,4463,178
2036,0,594,88,95,100,2731,141
4144,0,774,77,78,95,5591,204
5013,0,406,82,78,100,6368,283
2022,0,621,69,60,100,3260,190
4500,0,687,55,25,95,5871,234
4879,0,578,57,25,100,5924,251
2468,0,667,49,1,95,3181,129
3150,1,648,49,1,95,4148,188
4263,0,686,55,25,100,6138,299
4930,0,539,58,25,95,7312,214
3834,0,582,69,43,95,4533,186
5071,2,691,70,43,100,5744,201
4341,4,616,67,25,95,4252,175
8211,9,677,65,25,95,8891,307
1313,0,648,57,1,95,2132,106
4176,0,697,55,1,78,5720,169
2537,1,820,46,1,60,3139,119
2941,0,713,50,1,95,3981,118
4504,0,655,52,1,95,6006,232
1644,0,472,54,1,100,1974,94
1003,0,414,47,1,95,1542,81
1714,0,1082,78,78,95,3306,191
412,0,525,85,60,95,955,66
3242,0,682,65,43,43,4401,179
885,0,502,59,25,95,1475,73
1301,0,550,48,1,78,2395,142
230,0,612,48,1,100,579,36
837,0,664,46,1,95,1686,108
193,0,472,46,1,78,531,32
597,0,778,43,1,95,991,57
1642,0,520,48,1,95,2413,92
274,0,549,48,1,95,629,37
132,0,572,47,1,95,452,21
2621,0,647,47,1,100,3622,138
3938,0,857,45,1,95,5419,198
960,0,338,52,1,100,1400,62
1958,0,724,49,1,95,2945,119
1325,0,601,51,1,100,1822,89
2699,0,648,48,1,78,3784,136
2139,0,615,51,1,100,3487,167
843,0,708,46,1,78,1523,91
719,0,667,47,1,78,1089,59
1694,0,562,50,1,100,2354,112
454,0,571,49,1,95,1018,59
423,0,693,44,1,95,1040,65
105,0,664,42,1,78,527,32
1528,0,799,40,1,78,2158,117
355,0,513,47,1,95,779,44
265,0,640,46,1,100,597,36
545,0,547,47,1,100,890,45
367,0,539,46,1,95,751,40
995,0,413,48,1,95,1368,51
648,0,531,45,1,95,1205,77
1040,0,782,41,1,78,1927,104
2696,0,801,42,1,78,3837,119
762,0,577,50,1,100,1772,119
68,0,583,49,1,100,308,18
109,0,810,44,1,95,553,28
1291,0,603,42,1,78,2298,128
597,0,893,38,1,78,1057,72
156,0,377,47,1,95,515,34
300,0,776,39,1,60,744,50
942,0,645,45,1,95,1298,73
1125,0,692,45,1,95,1805,80
276,0,730,44,1,100,728,41
2426,0,704,44,1,78,2931,81
1231,0,764,44,1,78,2107,114
537,0,463,53,1,100,1120,60
646,0,589,46,1,78,1088,72
2286,1,587,47,1,100,2902,147
1540,0,312,52,25,100,2252,108
8401,0,511,91,78,100,9753,363
9707,1,539,95,95,100,11633,317
12202,0,560,94,95,100,13806,423
5700,1,608,93,95,100,6532,259
10745,1,602,94,95,100,12545,410
9851,1,507,95,95,100,10563,296
1730,0,807,82,78,95,2669,145
7607,0,680,78,60,100,9053,332
8040,2,589,78,43,100,10011,263
16585,19,369,93,78,100,17218,402
13310,3,590,88,78,100,14805,449
12904,1,541,91,95,95,14694,370
6187,4,455,88,95,78,7481,285
2110,1,700,92,95,100,2912,154
7015,3,720,92,100,100,8301,333
5918,0,696,92,95,100,7563,276
11536,14,461,96,95,100,12783,333
6669,4,515,90,78,100,7833,292
11117,3,591,90,78,100,13498,304
7286,0,521,86,60,100,8467,289
1791,0,415,87,60,100,2521,120
5756,0,500,82,43,100,7139,248
9555,8,687,83,60,100,11409,334
8628,1,568,85,60,100,9426,353
10468,8,543,90,78,100,12924,349
5461,0,473,87,60,100,6690,250
2461,1,479,86,60,100,3303,190
6022,0,634,84,60,100,7349,297
9667,1,554,89,78,95,11904,402
3895,0,691,81,60,100,4953,207
9926,12,485,87,60,100,11341,296
6362,4,534,82,43,100,7963,249
5537,0,580,80,43,100,6738,241
3383,1,711,75,43,78,4348,199
6526,5,519,81,43,100,7940,243
8063,1,557,76,25,100,9030,271
6057,0,581,77,25,100,7737,269
7761,3,460,72,1,100,9294,304
7669,6,656,68,1,95,8487,272
8098,4,592,69,1,95,9212,291
3246,2,646,69,1,100,4016,212
3767,2,568,69,1,100,4514,206
4926,4,606,66,1,100,5804,300
13297,7,591,76,25,100,16059,386
11486,7,507,82,43,100,13588,375
15239,4,330,89,60,100,16612,444
16445,2,438,89,78,100,18911,586
12102,4,552,89,95,100,14382,453
5546,2,590,85,95,95,6431,276
3949,1,757,92,100,100,5245,251
5396,2,494,96,95,100,6891,215
4702,1,730,86,78,100,5552,227
11841,4,526,91,78,100,14263,386
10379,2,583,90,78,100,12660,414
9652,6,513,90,78,100,11153,378
4729,1,602,85,78,95,5582,259
4118,0,631,84,60,95,4947,204
4146,1,404,87,60,100,4668,187
3904,1,773,77,60,95,4950,251
7554,3,762,79,60,95,9369,296
6585,1,649,78,43,100,7734,266
2955,3,659,70,25,100,3727,196
7947,7,535,81,43,100,8870,320
12112,1,579,85,60,100,15636,358
2757,0,656,84,60,100,3351,185
8473,0,578,85,60,100,9433,348
5356,2,627,83,60,100,6302,271
7884,3,645,87,78,100,9048,349
3090,1,521,83,60,100,3807,209
7568,1,465,82,43,100,8541,264
3525,1,621,78,43,100,4058,210
5833,1,515,80,43,100,6679,224
9548,0,475,96,95,100,11626,438
9385,0,471,96,95,100,11880,359
8060,2,574,94,95,100,9572,223
9030,1,690,92,100,95,10701,266
2806,0,505,91,95,95,3689,160
9174,0,554,95,95,100,11255,296
9127,1,396,97,100,78,10826,431
10109,0,422,98,100,100,13089,264
12393,3,465,98,100,95,14851,318
9934,0,458,97,100,100,12204,337
11383,4,529,93,100,95,13525,309
8539,0,425,92,100,100,10669,270
12955,4,470,89,100,100,14372,363
7549,2,482,86,100,100,8890,317
14407,1,532,92,100,60,18322,308
3805,1,509,95,95,100,4606,213
9473,1,426,93,78,100,11487,303
8764,2,459,96,95,100,10884,285
7842,0,438,97,95,100,9570,241
9362,0,476,93,95,100,11873,351
3487,2,588,88,95,95,4023,193
2122,2,635,88,78,95,2821,145
9003,2,384,98,95,100,10588,275
8953,0,419,96,95,100,11371,327
9992,1,645,88,78,95,12089,261
9568,2,679,92,95,95,10810,267
4596,0,421,96,95,100,5643,231
10406,0,505,95,95,95,12607,262
6259,0,362,94,78,100,7525,203
8383,1,483,92,78,100,9526,266
6439,4,439,92,78,100,7129,289
4750,1,457,86,60,100,5519,207
6657,1,598,80,43,100,7813,208
9467,3,495,82,43,100,10883,252
7553,0,627,80,43,100,9230,279
8069,0,486,87,60,100,9651,228
2154,0,553,85,60,100,2938,142
4350,0,515,86,60,100,5434,219
3902,0,643,81,60,100,4619,226
8887,0,512,91,78,100,11043,230
3896,2,544,85,60,100,4796,218
3531,0,512,77,43,100,4482,174
4868,2,616,74,43,78,5807,129
1251,0,668,68,25,78,1643,62
6274,2,561,69,25,95,7158,303
6020,2,503,75,43,100,6928,309
3016,0,463,69,43,100,3400,143
3394,0,619,61,43,95,4256,169
4050,1,537,64,43,100,5448,262
8367,0,500,78,60,100,10443,265
6217,1,518,73,43,95,7061,219
8496,1,444,85,60,100,10488,231
3356,1,600,77,43,100,4130,213
2324,0,425,79,43,100,3191,163
3969,0,454,76,43,100,4833,258
7530,0,487,82,43,100,9682,278
3842,1,597,70,25,100,4380,198
3719,0,587,70,25,95,5056,133
10515,3,684,70,25,78,12497,228
2950,0,581,73,25,95,3738,176
4904,0,594,73,25,100,6290,243
5997,4,494,82,43,100,7434,206
7450,1,760,78,60,95,9003,265
5186,0,556,90,78,100,5872,196
7633,1,507,96,95,100,9554,299
1822,0,626,88,78,100,2229,102
4817,1,601,88,78,100,6217,260
6805,0,504,94,95,100,8330,349
10836,3,431,96,95,100,12911,292
3453,0,725,82,78,95,4264,200
3813,0,551,75,43,95,4537,186
4457,2,664,68,25,100,4995,214
2564,0,531,59,1,100,3235,148
6385,2,662,62,1,95,7544,182
1531,0,432,64,1,100,1998,86
3240,3,596,61,1,100,3312,131
1473,1,747,52,1,78,1655,79
2702,3,545,58,1,100,3670,155
3184,1,664,54,1,100,4106,188
5599,1,514,60,1,100,6876,218
8459,0,596,70,25,100,11105,246
5490,1,595,73,25,100,6938,169
3004,2,588,73,25,100,3966,188
14729,0,433,98,100,100,17573,504
6305,0,768,91,95,100,8299,350
5574,0,498,96,95,100,6514,259
12828,0,474,97,100,100,15785,388
11952,0,573,96,100,100,14403,477
12875,0,517,96,100,95,16552,389
12009,0,563,93,100,100,14625,419
9111,0,506,91,100,100,11086,395
9000,0,701,94,100,100,11821,356
4640,0,564,96,100,100,5963,251
12886,0,514,97,100,100,15812,464
13307,3,452,97,100,95,14503,472
11568,0,447,97,100,100,14460,458
11363,0,502,94,100,100,13989,500
9933,0,574,90,100,100,12549,440
12593,0,461,98,100,100,15501,523
5409,0,447,97,100,95,6523,277
8488,0,599,94,100,95,10670,335
11789,0,496,97,100,100,14687,434
9319,0,512,97,100,100,11447,369
8953,0,575,96,100,100,11459,324
8223,0,568,96,100,100,10178,336
5139,0,680,93,100,95,6420,199
7658,0,643,94,100,100,9516,279
11332,0,619,95,100,100,14265,388
8251,0,680,93,100,95,10591,362
9750,0,662,93,100,95,12213,363
12367,0,526,96,100,100,15248,468
11376,0,449,98,100,100,14246,420
11455,0,508,96,100,100,12533,422
4559,0,621,91,100,100,5829,232
11284,0,490,93,100,78,13932,385
14515,0,493,97,100,95,19156,433
10426,0,517,95,100,100,13642,392
5623,0,666,90,95,100,6872,267
12479,0,546,96,95,100,16318,360
4302,0,564,89,78,95,5840,214
6663,1,572,90,78,100,8120,357
11586,1,583,89,78,95,14273,411
18753,0,460,92,78,100,22891,551
17655,0,344,93,78,100,21874,526
11025,0,381,95,95,100,13687,338
12296,0,564,87,95,78,15016,442
5733,0,672,84,95,100,6879,273
7875,1,618,93,95,95,9619,281
8997,0,537,95,95,100,11274,311
9978,0,492,95,95,95,12088,380
12163,0,507,95,95,100,14954,422
11262,0,506,95,95,95,14204,415
11348,0,665,92,95,95,14035,371
7259,0,542,92,100,95,9331,344
3462,0,530,95,100,95,4823,179
10260,0,525,96,100,100,12932,411
7320,0,450,96,95,100,9652,347
8682,0,527,94,95,95,10759,356
10752,0,495,95,95,95,13684,412
9465,0,642,90,95,78,11824,328
4807,0,675,86,78,95,6465,254
7977,0,546,90,78,100,9510,319
13701,0,377,93,78,100,17528,436
6536,0,672,88,78,100,8901,258
9228,0,659,88,78,95,11416,339
7116,0,558,90,78,100,9408,283
6171,0,676,85,60,100,8008,263
7323,0,559,90,78,100,9274,284
1695,0,599,87,78,95,2422,124
6105,0,687,80,60,78,7792,272
324,0,41,79,60,100,342,17
13548,4,426,98,100,100,15930,451
8331,1,644,94,100,100,9950,376
10534,2,386,99,100,100,12275,397
12357,1,539,97,100,100,14741,471
7812,1,650,94,100,100,9372,372
8228,0,621,95,100,100,10858,367
6644,31,266,99,100,100,9212,225
5896,2,341,98,95,100,7923,303
13790,0,492,95,95,95,16936,470
11288,0,486,95,100,95,14382,387
11662,1,547,92,100,95,15079,475
12486,1,544,90,100,95,14722,390
15970,12,589,87,100,100,18542,379
9381,7,517,85,100,100,11217,356
10382,1,371,76,100,100,13214,419
15044,0,448,74,100,100,18780,488
13285,3,530,72,100,100,16157,405
13434,1,524,72,100,100,16150,418
9597,0,498,82,100,100,12257,377
13033,3,577,70,100,95,15898,499
11559,1,539,72,100,100,14514,394
12183,1,537,72,100,100,15254,430
8947,2,485,82,100,100,10825,413
9808,0,537,81,100,95,11852,354
10644,2,585,71,100,100,13161,398
9387,3,438,73,100,100,11603,273
12706,0,582,68,100,78,15862,388
8841,1,628,78,100,95,9714,298
12718,0,449,73,100,100,16013,477
11180,0,617,70,100,95,14788,348
6964,0,516,81,100,100,9223,368
9828,0,464,82,100,100,12193,367
13571,1,659,69,100,100,16158,464
10705,0,461,73,100,100,13411,401
7062,1,438,83,100,100,8947,325
11420,1,566,71,100,100,14249,380
14208,0,419,74,100,100,18057,451
10790,1,599,71,100,100,13761,368
9780,0,690,78,100,95,11956,372
11211,0,478,72,100,95,14163,347
5133,0,519,82,100,100,7028,392
7344,0,342,100,100,100,9006,292
2988,0,451,98,100,100,4252,253
8916,0,305,100,100,100,11361,385
10855,1,380,99,100,100,13952,419
9561,0,586,95,100,100,12978,420
13519,1,459,95,100,100,17016,440
3463,0,533,89,95,100,4651,231
9246,2,740,91,95,95,11526,423
10134,0,343,99,100,100,13457,291
3316,0,517,89,95,100,4769,166
11467,2,660,94,100,100,14033,443
10142,0,532,96,100,100,12478,337
8570,0,590,95,100,95,10864,313
6331,0,553,93,100,100,8637,245
9722,3,442,89,100,100,11439,319
5919,2,575,95,100,100,7541,232
6657,1,399,98,100,100,7471,325
11513,0,426,93,78,100,14416,293
4095,1,725,81,60,95,5109,268
2355,1,581,85,60,100,3073,161
4921,3,611,80,43,100,5938,239
8969,1,669,87,78,100,11580,290
12430,0,421,94,95,100,15682,387
6007,0,565,89,95,100,7030,218
11906,1,648,85,100,95,14763,447
4127,0,457,86,100,100,5110,255
5653,1,547,89,78,100,6814,264
10917,0,623,93,95,95,12711,401
7093,0,414,97,95,100,8524,350
9831,0,780,86,95,60,12503,337
11761,1,382,96,100,100,14351,384
11497,1,752,87,100,100,13925,409
9002,1,563,95,100,95,11506,377
8751,1,547,90,78,100,10513,345
10069,2,491,91,78,100,12271,412
11249,0,386,94,95,100,14829,451
8846,5,345,92,95,100,10011,288
11515,2,500,87,95,100,14502,435
12176,1,465,76,100,100,15048,424
8651,0,376,99,100,100,10491,303
10264,1,666,91,100,78,12071,443
13623,6,423,98,100,100,15927,373
13892,0,491,93,100,95,17549,471
14485,0,477,91,100,95,18329,425
10506,0,656,85,100,100,13422,394
7623,2,585,96,100,100,8959,297
13212,0,426,98,100,100,15004,471
12701,0,565,95,100,100,15302,438
8027,0,538,93,100,100,10231,298
13159,2,535,90,100,95,15538,459
5927,0,607,83,100,100,7298,283
8181,0,428,98,100,100,10523,337
9125,0,656,91,100,100,10839,440
10115,0,568,90,100,100,12352,362
3256,0,735,83,95,100,4429,242
1073,0,554,86,60,100,1605,92
2481,0,611,72,43,100,3569,147
2713,0,749,66,43,95,3429,173
1510,0,729,58,25,100,2224,97
3542,0,695,47,1,95,5293,273
1338,0,912,42,1,95,1969,94
749,0,572,56,25,95,1236,73
669,0,756,53,25,95,1046,61
830,0,762,53,25,95,1492,74
1521,0,385,59,25,100,2563,151
4227,0,896,51,25,100,6136,209
2662,0,733,55,25,100,3838,153
2076,0,713,56,25,95,3195,113
3436,1,665,58,25,100,5029,143
3847,0,737,58,25,100,5386,167
1401,0,630,53,1,100,2005,110
850,0,688,50,1,100,1563,81
339,0,606,49,1,95,685,38
3869,1,830,45,1,95,4853,173
2629,0,662,49,1,100,3550,162
488,0,905,42,1,95,1151,53
2828,0,707,45,1,100,3863,150
747,0,115,45,1,100,886,40
659,0,760,44,1,100,1418,81
2100,0,719,46,1,100,2576,132
3076,0,480,48,1,95,4357,122
4181,0,623,50,1,100,5783,270
866,0,556,52,1,100,1520,72
617,0,677,46,1,78,1034,51
1564,0,777,46,1,100,2486,124
1396,0,576,49,1,100,2224,112
1064,0,531,49,1,100,1582,73
4228,0,543,50,1,100,5897,237
2592,0,523,52,1,100,2716,145
2441,0,557,52,1,100,3579,123
3778,0,713,52,1,100,5529,176
4036,1,557,55,1,100,5219,193
530,0,579,55,1,100,1098,62
2789,0,539,54,1,100,3610,118
2372,0,659,48,1,78,3738,189
1649,0,515,51,1,100,2443,111
1211,0,554,49,1,100,1760,100
3062,0,553,48,1,100,4000,180
4882,0,436,92,78,100,8095,429
5720,3,390,88,60,100,9277,529
3579,2,573,73,43,100,6334,427
1756,0,697,60,25,95,3400,216
3303,2,579,52,1,100,5656,342
3220,1,682,48,1,95,5249,315
6631,0,483,60,43,100,9095,471
7059,5,434,65,43,100,8711,427
2894,0,727,63,43,100,5271,333
5180,0,430,74,60,100,7298,444
6071,1,576,78,78,100,8018,359
2455,0,691,74,78,95,4243,275
2649,0,652,76,78,100,4128,259
6842,0,620,76,78,95,9409,361
2599,0,749,53,25,100,4482,287
2636,0,691,54,25,100,4606,274
6180,3,572,62,43,100,8680,506
3255,0,551,59,25,100,5138,266
6903,2,639,64,43,100,8358,370
2460,0,709,67,43,100,3875,256
2190,0,576,68,43,100,3800,258
2414,0,834,62,43,95,3796,237
2976,1,648,62,43,78,4280,232
2868,0,820,56,25,95,4671,297
5837,3,574,68,43,100,7472,378
4837,1,430,67,43,100,6822,404
2495,0,642,62,43,100,4572,285
3088,0,646,61,43,100,5240,349
2437,0,645,61,43,100,4265,268
2174,0,822,54,43,78,3508,210
3591,0,473,62,43,100,4964,290
2843,0,716,58,43,100,4925,333
6371,7,704,67,60,100,7902,400
2556,0,727,71,78,78,4525,307
4313,1,741,70,60,95,5728,306
1848,0,897,54,25,78,3767,257
4325,0,652,65,43,100,6349,414
2742,0,641,60,43,100,4505,307
3667,1,734,58,43,100,5507,314
4098,0,735,62,60,100,6497,388
8296,0,458,67,60,100,11654,668
2528,0,794,61,60,95,4721,330
5173,1,580,71,78,100,7027,391
2443,0,578,65,60,100,3740,219
3910,0,772,57,43,95,6088,394
3866,0,651,69,78,100,5841,330
2910,0,584,75,95,100,4955,296
2841,0,657,66,78,78,4897,306
3240,0,709,66,78,100,4997,304
4934,2,606,73,95,100,6969,373
2755,0,615,69,78,100,4719,311
4852,0,557,66,60,100,6617,347
4753,0,651,66,60,95,6890,329
2791,0,527,72,78,100,5279,353
5262,0,506,73,78,100,7678,350
2849,0,514,73,78,100,4507,283
4670,1,713,70,78,100,6320,352
2892,0,674,69,78,95,5071,319
13058,4,485,78,43,100,14493,465
15417,1,494,87,60,100,16910,493
5711,1,435,91,78,100,7200,344
6725,4,607,89,78,95,7956,386
7404,2,505,91,78,100,8735,381
11333,1,271,100,100,100,11904,402
16461,4,435,97,100,100,16331,590
7405,1,446,93,100,95,8869,290
10361,1,398,98,95,100,11197,394
13965,1,406,89,100,95,13487,425
13316,2,545,84,100,95,14107,536
5791,1,527,82,100,95,7362,352
11547,5,441,99,100,100,11847,478
14048,2,203,99,100,100,13441,443
3890,2,335,95,95,100,4839,232
1129,0,414,92,78,100,1711,90
6810,0,448,87,60,100,8771,296
8056,4,524,86,60,95,8450,319
17312,5,317,85,43,100,17240,530
8396,0,334,88,60,100,8507,314
16787,1,413,93,78,100,16706,545
7887,1,403,94,95,100,9033,432
8658,1,382,99,100,100,10039,486
5155,1,221,90,95,100,7679,421
13237,8,378,99,100,100,13994,560
11827,4,351,99,100,100,12305,460
14317,1,222,99,100,100,15284,641
10713,2,389,95,100,100,11722,460
10894,5,436,90,95,95,10844,401
8720,3,283,85,78,100,9967,463
8244,1,369,93,78,95,9855,454
3723,0,541,86,60,100,5021,253
8412,0,426,98,100,100,9535,405
7296,1,373,99,100,100,9200,361
11928,3,551,96,100,100,14537,569
10145,3,385,98,100,100,12719,533
8347,9,392,95,100,100,9366,425
4180,1,617,89,100,100,5323,297
7755,2,159,99,100,100,8620,396
6845,1,500,97,100,100,9053,490
5106,1,509,88,78,100,6621,352
8207,4,361,83,60,100,9898,388
4359,1,458,82,60,100,5633,287
4624,2,381,83,60,100,6358,353
8654,0,543,79,60,100,11278,407
6685,1,532,78,43,100,8568,360
2288,0,536,81,60,100,3215,188
3796,0,390,81,43,100,4901,242
9767,4,415,75,25,100,10924,420
7292,1,313,75,25,100,9320,382
11604,1,492,73,25,100,14884,647
10613,6,372,80,25,100,13275,411
6403,0,562,73,25,100,8232,436
4712,2,506,96,100,100,6227,345
8421,2,384,99,100,100,10623,428
4262,0,420,98,100,100,5475,264
4718,2,628,92,95,100,7057,393
2845,1,730,82,78,100,3737,213
10480,6,551,77,25,100,12277,413
7165,1,513,95,95,100,9666,350
4955,1,686,91,95,95,6354,381
6246,4,416,96,95,100,7387,344
8269,4,531,95,95,100,10224,363
14478,9,285,98,95,100,16776,471
4678,1,352,90,78,100,5970,310
9045,2,315,94,78,100,11265,501
6786,1,468,87,60,100,8665,410
8210,0,348,89,60,100,10617,310
8888,2,440,88,60,100,11337,354
7154,2,537,80,43,100,7971,372
2773,2,624,93,95,100,3717,228
5130,3,547,95,100,100,5722,265
4704,3,506,96,100,100,5680,272
5602,1,461,89,78,100,6865,346
2176,0,436,80,60,100,2925,170
3795,0,630,66,43,100,4675,257
3180,0,799,52,25,95,4263,233
6270,8,604,51,1,100,6987,307
3925,2,558,52,1,100,5083,240
836,1,593,50,1,95,1154,59
6808,4,735,49,1,100,8124,392
4182,0,572,52,1,95,5435,295
17420,1,287,99,95,100,20794,479
15082,0,347,98,95,100,18153,532
13355,0,316,98,95,100,16982,487
14577,0,351,96,100,100,18533,497
13575,0,617,88,100,100,16716,506
7802,0,293,86,100,100,9816,292
12931,0,426,98,100,100,16710,381
12156,1,425,98,100,100,14848,429
14266,0,449,97,100,100,18064,452
7901,1,490,93,100,95,8647,288
10982,0,416,92,100,100,14142,346
15288,1,406,90,100,100,19035,441
10163,0,524,75,100,100,13366,463
17667,1,299,76,100,95,21151,553
15208,0,396,75,100,100,19041,409
12645,0,343,74,100,100,15814,523
14970,1,371,75,100,100,18255,453
13738,0,456,73,100,100,17168,440
12590,1,330,75,100,100,16265,476
13689,2,573,71,100,100,16660,465
12628,0,377,74,100,100,15862,336
12171,0,495,72,100,100,15338,395
9841,1,396,83,100,95,11916,515
11500,2,584,71,100,100,13560,466
11970,0,368,74,100,100,15328,390
13771,0,375,74,100,100,16959,397
14360,0,497,72,100,100,18211,463
13368,1,360,74,100,100,16775,422
15419,0,312,84,100,100,18112,665
12084,3,391,74,100,100,14746,564
12966,2,386,74,100,100,16020,429
15153,1,309,99,100,100,18525,435
14498,1,638,94,100,100,18491,496
13724,0,492,93,100,95,17305,474
9763,1,539,90,100,100,10964,376
12457,1,383,90,100,100,15271,420
19450,0,283,79,100,100,23770,751
18509,1,289,77,100,100,23474,667
12771,1,466,73,100,100,16380,380
9448,0,579,80,100,100,11163,389
13182,0,374,74,100,100,17084,333
14563,0,536,71,100,100,17927,464
6790,2,544,81,100,100,8154,254
14990,0,522,96,100,100,18790,415
14116,1,325,99,100,100,16968,396
11527,0,452,97,100,100,13989,326
10763,0,433,95,100,100,14134,350
12658,0,574,89,100,100,16342,368
13084,1,434,89,100,100,16873,387
8090,0,578,84,100,100,10391,341
15580,1,502,74,100,100,19546,435
6285,0,516,81,100,100,8186,353
14522,1,498,97,100,100,18096,508
16948,0,382,99,100,100,21763,474
15937,0,440,97,100,100,20410,437
12442,0,561,92,100,95,16201,308
14009,2,430,92,100,100,17438,368
14023,0,507,88,100,100,18582,376
8462,1,349,88,100,100,10918,334
15941,5,427,76,100,100,20355,515
12026,1,349,75,100,100,16224,303
6378,0,643,79,100,100,7875,281
14701,3,409,98,100,100,18958,447
12594,0,550,95,100,100,16882,351
14086,0,323,99,100,100,18924,359
18568,2,413,95,100,95,21196,559
489,0,1,93,100,100,598,33
13394,2,487,93,100,100,16379,404
10064,2,382,93,100,100,12646,288
13242,2,412,90,100,100,16396,411
5006,1,457,86,100,100,5656,248
13810,1,454,97,100,95,16640,356
13554,2,332,99,100,100,16085,341
15542,1,356,98,100,100,18330,430
12687,2,468,94,100,100,15383,376
15820,8,457,92,100,100,18166,385
10825,0,554,86,100,95,13362,312
4551,4,424,87,100,95,5023,225
13276,4,516,97,100,100,15706,358
12105,2,323,99,100,100,14825,326
6437,6,593,91,95,78,6833,281
7582,1,537,96,100,100,8925,395
11823,3,394,99,100,100,13479,506
9123,3,482,97,100,100,10305,445
9659,4,522,95,100,95,10160,374
12595,2,491,96,100,95,15737,373
13753,6,494,94,100,100,16713,395
6709,5,679,85,100,78,8006,262
5314,4,595,95,100,100,5682,216
10820,9,508,94,100,78,12072,405
10033,1,336,99,100,100,10750,378
15946,7,494,97,100,95,18786,392
16930,2,402,99,100,100,20574,489
9088,2,553,95,100,95,10792,256
13670,5,549,93,100,95,14439,489
6975,8,512,91,100,100,7809,305
7249,1,512,95,100,95,8239,274
3185,0,635,94,100,95,3486,163
14507,11,444,97,100,95,16106,327
6365,5,530,94,95,95,7189,255
4348,0,596,89,78,95,5005,201
10320,11,467,91,78,95,10651,351
3969,4,558,85,60,95,4331,168
14157,4,527,90,78,95,16651,352
15493,3,447,93,78,100,18633,421
18011,10,401,93,78,100,20180,423
4916,0,538,87,78,100,5847,195
9171,4,287,99,95,100,9916,330
9159,4,430,97,95,100,10084,348
6293,0,508,95,100,95,7720,297
6699,0,487,96,100,95,8457,321
12557,2,362,99,100,100,14925,401
5929,2,474,94,95,95,6899,262
14856,3,418,98,100,100,18426,415
13857,0,513,96,100,95,17741,449
15172,1,293,99,100,100,17715,420
9195,2,570,90,100,78,11059,261
12024,8,481,92,100,100,14029,373
12449,2,391,90,100,100,14841,293
10201,2,501,85,100,95,11931,304
2494,1,591,81,100,95,2798,120
6527,4,602,94,95,100,6875,256
3562,0,528,90,78,100,4174,166
11643,0,447,92,78,95,13995,296
15016,3,408,93,78,100,17510,392
3840,0,557,84,60,95,4656,238
9966,0,461,92,78,100,12509,339
15178,1,409,93,78,100,17654,443
7826,4,514,95,95,100,8630,300
11870,0,386,99,100,95,14701,307
8162,3,502,95,95,95,9322,348
7136,2,586,93,95,95,7715,287
13013,2,441,98,100,100,15808,357
5688,0,471,96,95,100,6616,260
11137,1,422,97,95,100,13279,380
8138,5,552,94,95,100,8442,330
11143,3,651,93,95,95,13639,316
14780,6,454,98,100,100,17243,371
10582,2,496,96,100,95,13137,277
11226,2,505,93,100,95,12482,375
8879,2,480,92,100,100,9835,365
7578,4,549,94,100,78,8422,273
6776,4,627,94,100,95,7992,305
11391,1,515,97,100,100,12983,287
11285,1,415,98,100,100,13149,277
12296,6,518,96,100,95,14085,374
13748,3,429,95,100,100,15151,334
8318,8,410,92,100,100,8492,284
7565,0,628,93,95,95,10381,285
7238,0,455,95,95,100,9685,258
5752,0,636,84,78,60,7627,226
4826,0,700,87,78,95,6841,249
8203,4,564,89,78,95,10520,220
8744,2,468,92,78,100,11532,298
4104,2,707,87,78,100,5782,235
7624,0,450,92,78,100,11285,283
5920,4,599,83,60,78,7414,227
4079,1,700,84,78,78,5720,212
5595,0,438,92,78,95,7790,278
2512,0,856,74,60,43,4068,195
7366,1,709,80,60,78,9245,320
4861,0,680,85,78,78,6572,187
4043,0,727,75,43,78,5344,191
5063,0,689,72,43,60,6521,228
5466,1,659,77,60,60,7500,202
5257,1,683,85,78,100,6715,227
3832,0,550,89,78,95,5576,184
5227,1,483,83,60,95,6531,256
5140,2,601,85,78,95,6803,273
4506,0,738,84,78,100,5557,244
4117,0,526,83,60,95,5588,184
4962,5,685,70,43,78,6617,231
6931,7,693,76,43,100,9307,203
7000,1,465,83,60,100,8771,337
4783,0,573,80,60,95,6751,242
2665,0,595,80,43,100,4400,195
6059,0,504,82,43,100,8881,273
7263,3,650,88,78,100,9965,276
4573,1,686,87,78,100,5919,200
3678,2,546,85,60,95,4890,155
4112,0,565,80,43,95,5616,210
5520,2,576,80,43,100,6783,242
5688,2,527,81,43,95,7685,234
5830,2,563,76,25,100,7244,242
5390,1,665,65,1,100,7298,228
7150,1,445,66,1,100,9886,264
6985,0,579,72,43,100,8981,238
8519,1,628,63,60,100,11667,258
5156,3,559,72,60,100,6925,219
3622,2,563,85,60,95,4998,209
6007,1,617,84,60,100,8064,232
1907,0,632,84,60,100,3056,158
4394,1,657,79,43,95,6228,212
5848,0,567,76,25,100,8157,223
2993,0,606,69,1,100,4268,157
3911,1,767,59,1,60,5284,161
4240,3,673,65,1,95,5641,224
4503,1,683,65,1,95,6361,201
5644,0,502,68,1,95,8062,175
4329,0,642,65,1,60,5782,190
3312,0,655,64,1,78,4950,192
3487,1,701,62,1,78,4953,169
2018,0,708,61,1,78,3144,135
2730,2,656,58,1,78,3416,115
2325,0,816,51,1,60,3295,131
1432,0,720,51,1,95,2501,85
3962,0,555,56,1,100,5316,191
2580,0,662,54,1,100,3845,139
1812,0,677,52,1,95,2871,145
3269,2,666,53,1,95,4341,165
2012,0,576,53,1,78,3049,120
3332,0,679,53,1,100,4622,208
2079,1,770,50,1,95,2909,150
4054,1,699,51,1,78,5822,180
6053,0,562,56,1,78,8213,238
3230,0,655,59,1,95,4872,175
2046,0,477,62,1,100,3070,138
5614,0,679,60,1,60,7993,201
4987,0,533,65,1,78,6463,189
2200,0,567,68,1,100,3338,139
2742,0,687,63,1,95,3870,110
2433,0,444,67,1,100,3360,124
4286,0,659,61,1,95,5578,183
6142,1,600,74,25,95,8086,204
4150,0,570,71,25,95,5356,199
2689,2,643,65,25,78,3218,151
4132,0,696,65,25,78,5848,156
4207,0,614,68,25,95,5694,211
483,0,726,60,25,78,986,53
3497,0,599,50,1,100,4698,175
2270,1,743,49,1,100,3303,127
3317,0,548,53,1,95,4636,156
2078,0,573,54,1,100,3384,143
4183,1,750,48,1,60,5774,163
1702,1,513,56,1,100,2486,107
1914,0,622,52,1,78,2599,91
4211,1,697,47,1,43,5651,183
704,0,640,53,1,95,1457,95
3731,0,666,52,1,100,5229,206
3121,5,717,48,1,60,3886,174
4147,0,527,55,1,95,5666,178
6240,1,701,55,1,43,8523,201
6862,0,564,69,25,60,9716,196
6309,0,659,65,25,60,7892,228
1229,0,261,70,25,100,1782,68
5607,0,458,92,78,100,7675,249
2802,0,440,88,60,100,4060,155
2548,0,331,81,43,100,3698,137
3272,0,377,78,43,100,4364,163
2124,0,358,69,25,100,3119,128
2949,1,513,55,1,100,4023,118
4744,0,318,56,1,100,6276,179
3038,0,451,55,1,100,4328,142
3080,0,410,57,1,100,4235,140
2494,0,473,56,1,100,3600,145
3230,0,362,57,1,100,4422,112
1115,0,151,57,1,100,1606,63
1620,1,456,53,1,95,2232,85
570,0,432,53,1,100,1056,63
3587,0,454,53,1,100,4871,174
5437,0,379,57,1,100,7339,246
4828,0,434,58,1,100,6412,178
3513,0,246,59,1,95,5749,128
3019,0,433,64,1,100,4393,138
3126,0,315,59,1,100,3995,141
699,0,243,58,1,100,1124,58
3470,0,396,56,1,100,4781,150
2743,0,369,56,1,100,3984,151
1429,0,364,56,1,100,2283,79
1367,0,395,55,1,100,2047,89
878,0,343,56,1,100,1664,94
3738,0,313,57,1,100,5208,192
5427,0,352,57,1,100,6951,204
1993,0,353,58,1,100,3058,141
2084,0,273,58,1,100,2827,92
3561,0,414,55,1,100,4687,155
2173,1,312,57,1,100,2949,88
1486,0,223,57,1,100,2274,82
736,0,189,56,1,100,1127,57
446,0,118,56,1,100,807,45
2075,0,254,56,1,100,2832,80
1326,0,321,55,1,100,2012,77
2765,0,390,55,1,100,3612,113
1947,0,397,55,1,100,2733,122
879,0,462,54,1,100,1465,63
2151,0,362,54,1,100,3219,111
2875,0,398,55,1,100,3995,132
2098,0,370,55,1,100,2860,112
6044,0,428,68,25,100,8206,187
2933,0,308,68,25,100,4133,115
1956,0,410,67,25,100,2916,99
211,0,412,66,25,100,589,31
2362,0,376,55,1,100,3406,131
1418,0,508,52,1,100,2332,107
5268,0,410,61,1,100,7233,188
3632,1,486,55,1,100,5216,146
2171,1,392,56,1,100,3226,141
3213,0,377,57,1,100,4323,139
591,1,326,61,1,100,955,53
1591,0,434,58,1,100,2437,109
3297,0,435,60,1,100,4566,163
3835,0,270,58,1,100,5315,193
1091,0,342,56,1,100,1684,63
2954,1,339,56,1,100,3995,138
3858,0,268,56,1,100,5258,133
636,0,393,55,1,100,1209,65
1132,0,320,60,1,100,1616,76
1321,0,448,57,1,100,2097,107
1343,0,622,52,1,95,2067,114
9539,0,460,92,78,100,9909,334
12400,0,451,92,78,100,15537,419
6015,0,579,85,60,100,7240,294
4667,0,620,83,60,95,6184,250
7639,0,509,77,43,100,10190,386
8834,0,467,74,25,100,11706,340
10839,0,446,79,43,100,13424,482
6381,1,487,76,43,100,8005,368
6919,0,607,65,25,100,9113,315
6253,0,546,65,25,100,7846,340
8858,0,504,71,25,100,11162,301
3048,0,623,67,25,100,4307,269
6573,1,571,68,43,95,8233,359
3824,0,598,64,25,100,5271,315
5240,0,373,67,25,100,5893,281
12039,0,445,77,43,100,14859,423
6238,0,559,74,43,100,7954,373
9197,0,561,72,43,100,11568,371
8794,0,408,80,60,100,10810,468
10528,0,513,88,78,100,13222,365
6813,0,449,90,95,100,8274,346
7022,0,554,88,95,100,8982,322
13451,1,509,92,95,100,16169,437
7209,0,474,92,95,100,9304,383
9460,0,515,86,78,100,10986,392
11149,0,480,87,78,100,13811,454
9043,0,421,83,78,100,10816,495
11546,0,467,88,78,100,15300,482
3659,0,577,84,78,100,5093,279
6561,0,474,77,60,100,7773,399
10608,0,485,82,78,100,13329,432
9000,0,439,87,95,100,11482,456
10941,0,512,92,95,100,14282,464
7016,0,413,88,78,100,8749,402
3163,0,605,72,60,78,4220,229
6130,0,540,76,60,100,6750,323
9976,0,460,82,78,100,12722,474
5360,1,551,76,60,100,6915,295
14610,1,412,86,60,100,18596,526
6093,0,548,75,43,100,7567,361
7317,0,416,77,43,100,9142,415
10140,0,363,80,60,95,12390,503
9274,2,432,83,78,100,10182,430
10059,0,470,87,78,100,12752,353
6484,0,516,84,78,100,8293,393
7201,0,532,72,43,100,9415,416
8679,0,528,77,60,100,11467,474
9098,0,473,84,60,100,12292,352
10499,0,538,86,60,100,14455,378
4624,0,471,82,43,100,5980,334
11352,0,433,87,60,100,15087,457
6944,0,556,85,60,100,8157,327
11321,0,448,92,78,100,14986,399
3952,1,540,86,60,100,5119,285
9149,0,453,91,78,100,11203,359
14306,0,380,93,78,100,18070,505
4975,1,538,90,78,100,6475,322
6301,0,542,82,60,95,9109,303
4991,0,467,82,60,100,6532,348
9788,0,478,83,60,100,12682,370
6380,0,468,83,60,100,8960,378
11527,0,469,87,60,100,15334,413
11805,0,441,88,60,100,14982,392
12182,0,442,92,78,100,15706,383
10684,1,415,94,95,100,14786,414
8162,0,388,93,100,100,11592,406
2641,1,574,94,95,95,3735,163
1558,1,597,94,95,100,2464,146
2284,1,557,85,78,95,3233,158
6907,6,436,77,60,100,7823,319
10505,4,410,80,60,100,12817,468
10700,5,570,83,60,100,13145,367
11614,4,410,93,78,100,14987,340
16170,1,380,97,95,95,20521,555
8780,3,596,92,100,100,11111,375
7009,2,392,99,100,100,8930,248
13516,0,329,100,100,100,17489,388
13059,2,314,100,100,100,15879,467
14413,7,480,96,100,95,18400,413
17964,2,332,96,100,100,22706,527
13525,2,409,93,100,100,17610,434
13226,2,377,90,100,100,16982,438
14848,2,384,78,100,100,18459,446
12950,2,373,76,100,100,16095,460
10455,1,398,84,100,100,13245,465
12377,1,411,98,100,100,15837,454
6605,4,518,96,100,100,8964,398
11795,0,332,99,100,100,14236,537
9962,7,436,98,100,100,11991,470
8505,1,416,97,95,100,11242,375
7667,1,448,92,78,100,9339,389
10603,1,444,88,60,100,13500,430
11801,3,335,89,60,100,14704,556
10975,0,455,92,78,100,13816,436
12246,2,359,93,78,100,16167,535
8441,7,441,87,60,100,9820,418
12509,4,374,93,78,100,15862,486
8517,6,343,94,78,100,9960,493
8504,1,345,98,95,100,10558,471
8675,0,561,94,95,95,11484,422
16241,2,372,98,95,100,20027,502
7061,3,486,91,78,100,8642,446
13326,4,248,98,95,100,17010,518
10202,1,410,97,95,100,13095,396
876,0,276,96,95,100,1579,98
12422,40,346,98,95,95,15059,235
14637,20,598,94,95,100,18074,304
10056,25,553,94,95,100,11440,281
9889,24,617,92,100,100,11966,256
8450,23,545,90,100,100,10670,231
16389,8,499,88,100,100,21335,397
9686,21,441,77,100,100,11762,231
9088,8,666,80,100,95,12222,261
14088,10,552,95,100,95,18455,319
9197,35,592,96,100,100,10583,221
10237,22,576,94,100,95,12603,267
10222,50,573,93,100,100,11346,208
19024,8,450,91,100,100,24167,426
6468,26,531,87,100,95,6810,203
8430,2,558,72,100,100,11824,229
4772,15,574,69,95,78,5374,174
13785,22,581,70,95,100,16897,303
9705,5,476,71,95,100,12552,271
4625,2,518,76,78,100,6178,204
7525,15,516,89,78,95,10059,225
15615,8,348,98,95,100,20726,400
6963,0,603,89,78,100,9546,227
13422,16,561,96,95,100,16586,300
11042,33,602,87,95,95,12887,217
10353,45,593,94,95,100,11957,216
14376,21,509,94,100,100,16382,282
18896,4,530,91,100,100,24984,386
9453,3,503,88,100,100,12768,217
8045,14,439,87,100,100,10166,195
12642,10,539,96,100,100,17136,367
8082,20,599,95,100,100,9647,271
12114,9,728,92,100,100,16408,356
9886,27,528,93,100,100,12284,263
5351,17,441,87,95,100,6083,203
10687,18,597,73,95,100,13445,272
5687,13,559,77,78,100,7171,265
10787,23,483,91,78,100,14220,279
19562,11,431,68,78,100,25396,449
20094,26,522,92,95,100,24563,437
8411,2,703,87,100,95,11331,210
8503,19,574,87,100,100,10528,182
17658,39,489,75,100,95,20130,326
7949,26,638,72,100,100,9195,249
4421,17,721,66,100,78,4777,117
9214,25,575,70,100,95,10768,199
18219,19,360,75,100,100,22659,391
11103,29,542,71,100,100,13370,242
10407,25,515,72,100,100,12581,218
13636,25,619,70,100,100,16554,286
8383,22,569,71,100,100,10253,229
9850,21,555,72,100,100,12071,235
3903,17,680,69,100,95,3989,120
20484,17,536,71,100,95,25507,424
2909,3,729,76,95,95,3988,189
6332,14,727,87,78,95,8277,160
3723,14,752,83,60,100,3870,133
11629,26,592,84,60,95,14241,211
10087,24,581,90,78,100,11982,284
13401,9,569,95,95,95,16971,345
9082,20,514,95,95,100,11217,178
9630,34,682,89,95,100,11542,203
4958,0,603,87,95,95,6887,196
1453,1,589,90,78,100,2354,100
2753,1,628,88,78,95,3673,174
3009,5,632,84,60,100,4363,185
2416,2,526,76,43,95,3531,156
10076,16,553,80,43,95,12295,264
10278,5,629,79,43,95,14416,306
7527,10,676,80,60,78,9852,213
20085,7,622,89,78,100,26615,428
6708,3,606,93,95,95,9250,217
6639,1,644,93,95,95,8718,208
10263,0,577,96,100,100,13317,268
11843,10,595,96,100,100,15015,313
7345,16,820,85,100,43,9250,159
8529,10,617,91,100,100,11448,202
11351,5,563,86,100,95,15275,294
7975,7,541,85,100,100,10696,268
14254,14,626,95,100,100,17632,355
8926,10,622,94,100,95,11383,278
10437,9,509,96,100,100,13606,286
10545,4,566,90,78,100,14785,231
13306,15,500,88,78,78,17050,303
7840,8,618,89,78,100,10187,191
2080,1,515,87,60,100,2812,111
8371,12,560,90,78,100,10968,251
19202,12,411,98,95,100,24000,444
8634,4,586,95,100,100,11837,280
11163,13,463,94,100,100,14441,252
13512,6,533,91,100,100,17279,359
6797,5,563,85,100,78,9270,181
6206,7,590,96,100,100,8858,203
9693,7,582,95,100,95,13378,243
13447,9,509,97,100,95,16919,355
1253,2,386,97,95,100,1731,68
2594,0,698,92,95,100,4114,195
11908,10,505,96,95,95,15655,269
7805,3,575,88,78,78,10579,191
3861,2,731,86,78,95,5686,191
6147,11,591,85,60,100,8110,175
5820,5,559,95,95,100,7844,336
11175,9,462,96,95,100,14185,477
11861,2,504,95,95,100,16536,406
9520,1,467,93,95,100,13301,375
8575,7,573,88,95,100,11630,405
4237,4,588,86,95,100,6155,265
5955,8,487,96,95,100,6730,267
10768,3,492,96,95,100,14725,401
3347,1,449,90,78,100,7191,188
10791,18,421,93,78,100,13549,374
6571,2,540,86,60,100,9419,395
7812,2,555,85,60,95,11282,401
5226,0,395,89,60,100,7353,306
4366,5,497,86,60,100,5947,321
9159,4,580,85,60,100,12500,380
7887,0,500,91,78,100,11489,320
7359,3,462,91,78,100,9587,363
6218,6,509,91,78,100,8202,320
8083,2,593,89,78,100,11034,387
3931,9,688,87,78,95,5195,260
7103,5,407,93,78,100,9473,377
10430,4,608,89,78,100,14058,406
5470,10,490,87,60,100,6896,301
8156,2,585,85,60,100,11697,359
9880,4,531,86,60,100,13208,433
5822,1,474,87,60,100,8182,398
4937,10,480,87,60,100,5688,228
10591,2,517,87,60,100,14061,489
11438,11,573,90,78,100,15127,411
11268,2,431,93,78,100,15231,384
10351,4,543,92,95,100,14122,383
11470,3,563,89,95,100,15889,389
6205,2,416,89,95,100,8598,319
8352,14,455,98,100,100,9735,445
11277,4,524,96,100,100,15294,498
11834,5,559,95,100,95,15907,482
12852,12,378,96,100,100,16315,477
12257,4,494,91,100,100,16882,563
9227,3,518,88,100,100,12957,472
5190,0,506,81,100,100,7572,390
5876,14,487,97,100,100,6998,306
9615,1,445,98,100,100,13756,404
12026,5,493,97,100,100,16222,495
11398,14,589,91,100,95,13943,414
7529,4,561,81,78,100,9912,378
6050,3,505,91,78,100,7878,377
4353,4,583,85,60,100,5749,270
10477,6,548,86,60,100,14366,489
9208,7,594,85,60,100,11635,347
13889,15,388,93,78,100,16128,545
6563,4,533,95,95,100,8550,359
4912,0,522,95,95,100,7152,257
6550,2,397,97,95,100,8657,348
11221,14,484,96,95,100,14501,492
10863,1,402,98,95,100,14771,418
8007,3,475,95,95,100,10449,355
4651,2,538,91,78,100,6287,240
6533,12,410,93,78,100,7887,262
5210,3,446,92,78,100,7173,246
4889,2,659,88,78,95,6319,277
3189,2,531,86,60,100,4530,219
6161,1,417,86,60,100,7971,368
166,0,8,75,43,100,243,17
10332,0,509,91,78,100,14058,408
3974,0,699,82,60,95,6018,252
7135,0,372,88,60,100,10084,330
4379,0,415,85,60,100,6345,301
3678,0,532,82,60,100,5385,273
1561,0,440,81,60,100,2652,159
4021,0,545,70,43,100,5855,208
6935,0,595,75,60,100,9150,324
3045,0,451,76,43,100,4498,196
4934,0,532,68,25,100,7088,202
7594,0,383,74,25,100,9604,323
5533,0,421,81,43,100,7961,269
6150,0,524,81,43,100,8432,293
7844,0,428,80,43,100,10985,322
5257,0,401,78,43,100,7598,221
5217,0,393,75,43,100,6985,189
4706,0,459,71,43,100,6779,260
6994,0,471,78,25,100,10078,310
1379,0,508,82,43,100,2276,151
8217,0,334,89,60,100,11083,258
4527,0,517,82,43,100,6543,251
2985,0,540,80,43,100,4408,240
4653,0,433,80,43,100,6541,192
8404,0,372,88,60,100,11380,350
5273,0,391,84,43,100,7512,199
7443,0,423,88,60,100,9620,246
7106,0,377,88,60,100,9427,300
6015,0,611,93,95,100,8443,253
2170,0,522,95,95,100,3502,153
4809,0,509,91,78,100,7143,264
7270,0,236,94,78,100,9945,259
985,0,540,90,78,100,1912,114
3412,0,447,84,60,100,5275,219
3768,0,395,78,43,100,5586,212
6562,0,526,73,43,100,9698,384
5387,0,393,76,43,100,7378,266
1714,0,541,70,43,100,2669,176
5421,0,455,76,43,100,7501,213
8366,0,498,90,78,100,11859,366
3902,0,499,84,60,95,5046,213
9206,0,588,89,78,100,13062,357
4051,0,491,86,60,100,6025,255
2453,0,685,82,60,100,3609,201
795,0,468,76,43,100,1521,90
6432,0,394,69,25,100,8346,346
8136,0,518,80,43,95,11047,355
6764,0,478,83,60,95,8573,297
2334,0,493,79,43,95,3652,196
2091,0,563,75,43,100,3384,166
3872,0,507,75,60,100,5708,254
1884,0,606,65,43,100,3137,166
2280,0,742,53,25,100,3711,221
1590,0,519,61,43,100,2314,144
5581,0,742,64,60,100,8572,296
1477,0,459,74,78,100,2368,156
1614,0,728,64,60,100,2493,133
4166,0,711,69,78,100,6327,261
6408,1,533,75,78,100,8668,415
1686,0,339,77,78,100,2724,171
1466,0,494,69,60,100,2734,163
1314,0,736,61,60,78,2227,143
3534,0,462,67,60,95,4972,175
1968,0,847,56,43,100,2880,172
1254,0,526,57,25,100,2152,143
3808,0,483,52,1,100,5595,224
1845,0,636,49,1,100,2930,175
2028,0,749,46,1,100,3219,199
2488,0,535,51,1,100,4010,210
261,0,33,50,1,100,359,17
6253,0,491,92,78,100,8167,330
13437,4,411,0,0,0,15132,488
10064,0,396,0,0,0,12055,432
10399,1,481,0,0,0,11952,374
9872,2,497,0,0,0,10050,310
11111,7,469,0,0,0,11617,347
8848,3,522,0,0,0,10397,357
12655,2,514,0,0,0,14700,513
5547,0,542,0,0,0,6846,308
7111,2,576,0,0,0,8693,351
7294,0,559,90,100,78,8790,363
11849,0,535,90,100,100,12747,458
7900,0,358,90,100,100,9608,275
7459,0,538,84,100,100,9109,313
8320,0,596,94,100,95,9845,357
9406,1,605,95,100,100,10947,376
11828,12,398,98,100,100,11963,351
3878,0,541,94,100,100,4740,220
25122,26,403,98,100,95,25080,477
7796,0,565,96,100,100,9453,340
3752,1,576,93,100,78,4399,185
5241,0,651,90,95,78,6379,312
3590,0,684,87,78,95,4520,191
12153,4,489,91,78,100,13921,458
6899,0,542,89,78,95,7500,244
2533,1,823,75,43,95,2699,145
7741,1,471,80,43,100,9383,317
8258,0,487,87,60,100,10246,420
14789,9,449,92,78,100,15395,413
3618,0,700,84,78,100,4458,198
10220,1,425,97,95,100,10897,379
11638,1,335,98,100,100,11910,370
11105,0,440,94,100,100,13482,440
9368,0,569,90,100,100,11305,385
4033,1,562,86,95,100,5603,300
8439,0,555,93,100,78,10459,330
1900,0,497,95,95,95,2171,109
5471,1,660,88,78,95,6677,219
3739,0,560,82,60,95,4928,270
10475,3,517,81,60,100,11186,408
7014,0,633,81,60,95,8322,263
6189,0,534,78,43,100,7182,232
3514,0,750,75,43,95,4306,243
2211,0,453,86,60,95,2522,135
11046,2,587,85,60,100,12596,421
10612,1,696,84,60,100,12703,367
9092,0,544,90,78,95,9938,375
9019,0,589,94,95,100,10696,350
3090,0,745,85,78,95,3557,189
6929,0,539,94,95,95,7883,254
5617,1,676,88,78,100,6912,268
8569,0,515,95,95,100,10137,281
2333,0,635,85,78,100,3914,227
3899,0,480,95,95,100,4885,256
12969,1,546,97,100,100,15327,470
4353,0,474,97,100,100,5745,247
5212,0,646,90,95,100,7166,347
6587,1,547,88,95,100,7878,284
8159,0,643,87,100,95,10184,423
7122,1,629,87,100,95,8300,306
8811,0,597,87,95,100,10217,379
9864,1,716,92,100,95,10569,341
8369,1,623,95,100,100,9872,356
6008,0,500,93,100,100,7815,298
6873,0,599,94,100,95,7334,280
13039,15,545,96,100,95,12798,348
13283,1,454,98,100,100,13802,376
8881,2,789,91,100,95,10680,367
6227,1,502,97,100,100,7393,306
11539,5,515,96,100,100,11989,369
3636,1,462,96,100,95,4072,188
3628,0,835,90,100,95,4290,204
5699,0,538,95,95,95,7518,299
4371,0,468,91,78,100,6674,324
8876,0,527,87,78,100,12481,480
5649,0,564,94,95,100,8022,287
9731,0,508,95,95,100,12349,463
8454,0,648,89,95,100,10510,397
8755,1,517,96,100,100,11852,338
6330,0,642,90,100,95,8065,287
3513,0,365,99,100,100,4881,292
7792,0,483,96,100,95,9945,333
11362,1,626,94,100,95,13921,404
9772,2,620,95,100,100,11494,425
4307,1,600,93,95,100,6058,325
13642,11,591,94,95,100,16484,516
12024,0,375,98,100,100,14514,548
9445,2,430,95,100,100,11996,558
5366,0,481,91,100,100,7532,348
12604,6,520,96,100,100,15657,481
4968,0,622,94,100,100,7350,379
7024,0,394,98,100,100,8812,338
5022,0,439,95,100,100,6239,225
10421,0,503,94,100,100,12604,475
8681,0,535,96,100,100,10980,477
13054,0,550,95,100,100,16793,531
7471,0,441,94,100,100,9616,407
6424,0,668,93,100,100,8567,414
4801,0,590,93,95,100,6209,260
5003,0,636,91,95,95,7145,343
8351,0,478,92,100,100,10951,495
6869,0,483,91,100,100,9669,366
5800,0,328,92,100,100,7358,275
7312,0,605,88,100,100,8386,326
7134,0,472,94,100,100,9507,370
5353,1,446,97,100,100,7163,277
4579,0,498,94,95,100,6348,312
5470,0,501,89,78,100,7468,305
6616,0,605,79,60,95,8453,375
9775,0,665,81,60,100,12680,444
7198,0,466,84,60,100,9200,297
7185,1,552,83,60,100,8813,315
9062,0,463,91,78,100,11362,538
10597,0,390,97,95,100,14453,565
5246,0,405,94,95,100,6459,253
3404,0,686,87,78,100,5095,297
4098,0,555,81,60,100,5892,281
3572,0,680,72,43,95,5257,292
5401,0,745,72,60,95,7590,325
7639,0,448,79,60,100,10267,454
6101,0,428,84,78,100,8671,436
13144,0,508,92,95,100,16186,454
8393,0,451,95,100,100,11351,462
8493,0,430,97,100,100,10779,394
9002,0,443,93,100,100,11332,313
3921,0,461,91,100,100,5080,250
7556,0,608,94,100,95,10193,442
6517,0,503,97,100,100,8312,389
6873,0,516,96,100,100,9643,401
7174,0,718,92,100,95,8955,340
7275,0,451,97,100,100,9215,426
6098,0,694,92,100,95,8200,398
7435,0,517,96,100,100,9955,372
6249,0,513,92,100,100,8428,420
5720,0,674,92,100,100,6972,313
4357,0,673,88,100,95,6370,245
6397,0,503,87,100,100,8723,329
4740,0,581,86,95,100,6358,281
10533,0,638,90,100,100,13045,421
5835,0,682,87,100,100,7808,312
3435,1,281,98,95,100,6482,421
3532,0,361,93,78,100,7039,479
6635,7,309,92,78,100,11380,646
4756,5,501,91,95,100,6165,290
4236,3,797,85,95,100,6426,305
1886,2,691,86,95,100,3234,187
3200,6,566,88,95,95,5757,320
6076,4,822,85,100,95,8082,373
2525,1,503,90,100,100,4602,304
4524,5,595,89,100,95,7409,378
3707,6,628,85,100,95,6414,355
2680,0,612,86,100,100,4191,240
3670,2,541,87,100,100,5531,308
2920,0,715,82,100,95,5136,301
3217,4,637,77,95,78,4764,270
3673,3,689,79,95,100,5645,348
2742,0,679,68,78,78,4289,243
2221,3,614,67,60,95,2966,184
2717,6,847,59,43,100,3996,227
2431,1,646,61,43,95,3436,197
3665,7,612,72,60,100,5287,269
1972,0,870,60,43,78,3233,168
2786,3,598,67,43,100,4889,300
5296,10,538,77,60,100,7612,361
3901,0,761,78,78,100,6554,326
2992,0,611,81,78,100,4878,226
4012,4,530,84,95,100,6317,390
4282,7,566,88,100,100,5431,263
4426,5,782,87,100,95,6076,323
3355,5,648,89,100,100,4762,248
5853,9,623,92,100,100,8293,346
4020,3,751,89,100,95,5843,310
5553,5,719,90,100,95,8103,365
1740,0,752,87,95,95,3433,195
1961,3,564,88,95,100,3369,224
8527,6,532,92,95,100,12105,539
2426,1,749,82,78,95,5417,379
2902,0,556,82,78,100,6399,493
7181,5,395,89,78,100,11106,566
5035,7,563,86,78,100,7375,420
3007,1,665,85,95,100,5394,332
6544,15,799,88,95,100,9338,382
3147,1,681,91,100,100,5370,261
4136,3,819,87,100,95,7170,273
2610,0,687,89,100,100,4440,242
1446,0,943,81,100,95,2792,172
2948,2,778,81,100,78,4703,270
4469,7,532,91,100,100,6234,231
4167,7,599,91,100,100,6472,269
4649,1,648,89,100,95,7351,388
2841,3,541,92,100,100,4420,199
2083,0,776,86,100,100,3442,228
1967,0,705,85,100,95,3088,165
3611,7,607,88,100,100,5071,235
2298,1,804,78,100,78,4029,241
2183,0,731,76,95,95,4068,236
3392,10,593,80,95,100,4463,266
4449,10,714,83,95,100,5789,270
2734,0,744,76,78,95,4579,278
1484,0,694,71,60,78,2689,141
4654,9,819,75,60,100,6476,255
3081,1,630,82,78,95,4970,239
5292,7,739,83,78,100,8079,317
1621,3,708,81,78,100,2743,181
3878,5,814,80,78,95,5346,264
2980,1,662,82,78,95,5009,233
2012,1,661,81,78,100,3293,175
1085,2,884,69,60,95,2106,123
4606,5,596,75,60,100,6716,315
1678,1,735,72,60,95,2872,175
3927,7,722,71,60,78,5955,266
2640,0,752,73,60,95,4389,238
2035,0,778,70,60,78,3654,228
2353,1,790,70,60,95,3748,226
5187,3,584,94,95,100,7601,393
3160,4,535,90,78,95,5078,252
1649,0,542,84,60,100,2562,132
3989,1,547,79,60,78,5827,259
8604,21,448,85,60,95,10768,388
5417,5,418,86,60,100,7545,281
2944,0,604,82,60,100,4790,275
3693,0,597,80,60,100,5477,267
8350,26,409,92,78,100,11836,272
7099,16,562,94,95,95,9895,285
4374,2,461,91,78,100,6423,248
6357,6,506,86,60,95,8706,284
4532,10,592,80,43,95,6608,252
3719,3,470,83,43,100,5589,238
4870,1,525,79,43,100,7286,380
5921,5,521,80,43,100,8330,267
3815,4,676,65,1,95,5732,211
4732,2,459,70,1,100,6754,256
5188,0,574,60,1,95,7050,271
3698,1,502,62,1,100,5753,219
4472,0,599,59,1,100,6006,257
2661,1,683,56,1,95,4063,200
2758,3,512,54,1,100,3658,186
4157,0,625,52,1,95,5942,239
2199,0,553,53,1,100,3544,191
5725,1,581,56,25,60,7172,269
4060,0,540,59,1,100,5809,273
3408,1,611,58,1,95,5030,164
2446,0,524,59,1,100,3675,193
3718,2,541,58,1,100,4882,224
5893,0,631,68,25,95,8649,234
5563,0,523,76,43,100,7472,312
3505,0,571,63,25,78,4808,210
3267,0,464,67,25,100,5428,339
2507,0,611,63,25,95,3726,177
3373,0,699,58,25,78,4989,224
6210,0,528,69,43,100,8566,312
6805,0,607,72,43,78,9360,312
7897,0,522,60,25,100,10094,335
3829,2,571,66,25,100,5414,281
11801,2,459,80,43,95,15454,354
7694,6,543,86,60,100,8565,240
6042,1,474,91,78,100,7922,363
6686,0,575,85,78,95,8544,330
2558,0,595,87,95,100,3747,202
3496,1,564,89,78,100,4796,246
5332,1,557,92,95,95,7105,212
3236,0,569,83,78,100,4946,267
2430,0,540,73,60,100,3796,232
9819,0,505,81,60,100,13187,367
4856,0,606,77,60,95,6911,287
3234,1,602,76,60,100,4597,194
3856,0,522,77,60,100,4926,253
4657,0,448,77,60,100,6090,286
7778,0,575,76,60,100,9997,387
4896,5,545,84,78,100,6437,296
6422,0,397,83,78,100,8442,332
6827,0,588,78,78,100,8788,297
4493,0,587,78,78,100,6253,292
4058,1,593,84,78,100,5270,174
3568,0,495,85,78,100,4852,167
3886,1,567,75,60,100,5271,272
4069,0,567,69,43,100,5194,248
7103,0,497,72,43,100,9110,407
4392,0,449,65,25,100,5598,204
4573,0,582,62,25,100,6158,256
5760,0,377,69,43,100,7912,436
4352,0,666,63,43,95,5780,265
5773,0,473,72,60,100,7761,338
3156,0,548,65,43,100,4372,212
3879,0,597,60,25,100,5382,237
4400,0,502,61,25,95,5917,243
6621,0,512,62,25,100,8607,370
4276,0,628,52,1,78,5388,219
1824,0,522,56,1,100,3021,173
3785,1,670,51,1,95,4932,230
8486,0,567,69,25,95,11968,265
5019,0,575,69,25,100,6192,294
4139,0,555,66,25,78,5375,219
2161,0,656,65,25,95,3280,174
5918,0,539,73,43,95,7470,255
1518,0,576,73,43,95,2273,126
6034,0,638,77,60,95,8088,289
5326,0,485,75,60,95,6748,332
6157,0,664,72,60,95,7703,355
4907,0,482,75,60,100,6682,300
7049,0,559,66,60,100,8831,480
3179,0,552,63,60,100,4528,244
6636,0,521,68,60,95,8285,304
3024,0,654,63,43,78,3921,209
6031,0,585,74,60,100,8297,346
3372,0,491,74,60,95,5614,327
3692,0,591,76,78,100,5678,349
5200,0,457,82,95,100,6792,349
2404,0,573,80,95,100,3515,209
5435,0,545,76,95,100,7444,314
4456,0,588,73,78,100,6029,225
2495,0,599,68,60,100,3694,203
4219,1,505,83,78,100,5298,243
3833,0,439,86,78,100,5502,192
4472,1,593,77,60,100,5874,249
4560,2,524,77,60,100,5419,203
3927,0,562,63,43,100,4933,189
4297,0,466,61,25,100,6070,205
4207,0,541,61,25,100,5399,186
5602,1,519,63,25,100,7278,283
3575,0,701,51,1,78,4900,196
5715,0,296,67,1,100,7420,169
5956,0,503,68,1,95,7866,217
8465,1,508,71,25,100,10620,247
4851,0,595,68,25,95,6355,205
6836,0,572,80,43,95,9304,199
4616,1,616,79,43,100,6180,283
6300,0,532,81,43,95,8638,209
7497,0,502,82,43,100,9734,197
5368,0,550,80,43,95,7574,177
7120,0,483,79,43,100,10185,241
5910,0,505,76,43,100,8193,166
8889,1,589,72,43,100,11866,261
7309,0,400,70,78,100,9118,225
6753,0,499,95,95,100,9727,220
7463,0,286,98,100,100,10175,212
5988,0,617,90,95,100,8373,197
14452,1,532,88,95,95,18306,366
984,0,320,85,78,100,1561,93
1226,0,627,87,78,95,1876,102
1412,0,706,82,60,100,2172,106
2055,0,640,76,43,95,2917,159
2027,0,472,67,25,100,3115,183
9040,0,412,69,25,100,11960,286
8376,0,466,80,43,100,11821,314
7614,0,558,80,43,100,10404,294
10021,1,431,89,78,100,12397,294
6297,0,451,86,78,95,8578,201
6516,0,333,85,78,100,9058,198
6013,0,594,89,78,95,8766,215
1653,0,634,84,60,100,2872,160
6488,0,418,83,43,100,9303,218
6731,1,430,79,25,100,9070,243
5649,0,321,79,25,100,8006,192
7615,1,453,75,25,95,9693,190
6504,0,572,72,43,78,9317,216
7211,0,456,74,43,100,9880,225
6145,0,525,60,43,95,8433,203
5665,0,434,61,43,100,7989,160
7421,0,547,57,43,100,10575,261
6707,0,479,53,25,95,9217,229
5846,0,486,53,25,95,8437,220
5956,0,482,53,25,100,8227,183
5966,0,482,47,1,95,8097,152
6340,0,672,44,1,100,8767,325
6187,0,324,49,1,100,8404,181
10440,0,462,48,1,100,14547,398
6724,0,476,54,25,100,9396,226
2114,0,570,61,25,100,3468,188
6320,0,474,82,43,100,8781,220
7128,0,574,81,43,100,9701,252
6622,0,502,89,78,95,9293,247
5989,0,503,87,78,95,8203,220
6936,0,553,84,78,100,9798,238
6490,0,592,80,78,100,9139,194
7034,0,470,74,95,95,9635,227
6871,0,453,69,78,100,9491,203
9620,0,501,66,78,100,13299,245
6389,0,523,62,60,100,8770,191
1039,0,479,72,60,95,1797,111
1406,0,567,81,43,100,2268,124
408,0,443,80,43,100,782,44
1974,0,669,67,25,95,3212,195
799,0,373,67,25,100,1439,84
2267,0,624,51,1,95,3552,201
9400,2,377,70,1,100,11898,249
17829,8,435,94,100,95,19039,564
16023,2,360,93,100,100,18664,531
17837,10,467,89,100,100,19410,557
26265,13,283,78,100,95,26999,760
17441,3,444,74,100,95,19607,549
21071,10,418,74,100,100,22658,595
22760,10,377,74,100,95,24833,721
16354,7,393,74,100,100,17656,496
20861,7,384,74,100,100,22107,583
20736,5,525,72,100,100,23282,587
16913,5,457,73,100,100,19566,554
30945,17,228,75,100,95,31340,783
25400,5,283,75,100,100,27025,738
17995,1,499,72,100,95,20637,545
21506,7,251,75,100,100,23921,660
17842,6,427,74,100,100,20108,617
20045,6,353,75,100,100,21569,662
22590,5,397,99,100,100,24623,636
23036,3,359,98,100,95,24948,693
15142,2,354,96,100,100,18556,493
22892,3,324,93,100,100,25720,680
21903,5,345,90,100,100,24038,616
20296,5,411,75,100,78,22230,653
22152,4,353,76,100,100,24330,637
22463,3,266,75,100,100,26008,689
22378,5,359,75,100,100,25521,675
20658,5,518,72,100,100,22179,648
16968,4,463,82,100,100,18242,662
22512,7,282,75,100,100,24688,666
23179,10,324,74,100,95,26147,691
26637,2,404,74,100,95,30033,805
24120,3,307,75,100,100,25824,686
18461,5,326,84,100,95,19383,675
27363,3,347,74,100,95,29562,737
25069,5,356,75,100,100,27237,699
19321,3,218,75,100,100,21815,696
21066,4,355,74,100,100,23455,629
19532,13,399,73,100,95,21224,574
25407,13,336,75,100,100,25667,691
22759,4,402,74,100,100,25412,663
23270,8,287,75,100,100,24637,676
22699,5,317,75,100,100,25089,691
24617,10,424,74,100,100,26475,627
24942,6,353,75,100,100,27324,726
30157,10,204,75,100,100,28765,652
24980,8,409,74,100,95,27395,733
24326,6,366,74,100,100,27033,670
22350,9,387,72,100,78,24498,644
20035,7,491,72,100,95,22019,582
14342,1,418,74,100,100,17293,488
13885,5,553,71,100,100,15699,481
16791,5,526,69,100,78,19999,477
11893,0,450,83,100,100,15012,486
17113,3,661,69,100,95,19963,556
13977,10,471,73,100,100,15937,507
13987,4,570,71,100,100,16262,494
12044,3,725,67,100,95,15254,472
22848,12,351,75,100,100,24234,586
16418,15,478,72,100,95,18716,557
24098,16,385,74,100,95,25124,736
24664,12,326,75,100,100,27832,672
19823,10,416,74,100,100,22671,533
28143,30,408,74,100,100,27851,641
23089,25,454,73,100,100,23980,605
26574,15,365,74,100,95,28666,600
4937,3,58,84,100,100,4943,176
13931,0,450,97,95,100,14940,475
10122,2,326,98,95,100,11990,458
10010,5,435,96,95,100,11510,430
10201,0,472,94,100,100,11395,337
19462,0,181,100,100,100,21615,614
7065,0,604,93,100,78,8399,262
12510,0,347,99,100,100,15940,576
13549,0,376,99,100,100,15426,538
11957,2,399,99,100,100,14064,340
1419,0,484,97,100,100,2127,109
7603,1,528,96,100,100,9125,316
5421,0,512,95,95,95,6975,289
12131,2,263,98,95,100,14367,513
11522,2,417,97,95,95,14044,407
5650,0,442,96,95,100,8020,366
5695,1,458,94,95,78,7477,357
16277,0,305,98,95,100,17671,654
6159,0,348,94,78,100,8070,310
9544,1,319,98,95,100,11688,432
10665,0,416,97,95,100,12384,474
12447,3,406,97,95,100,13775,392
10255,1,446,96,95,100,12074,461
7437,0,515,95,95,100,8522,321
6615,2,577,92,95,78,7324,244
5726,0,637,92,95,95,7355,277
6768,0,566,89,78,95,8270,284
3312,1,454,88,60,100,3808,149
9260,0,371,88,60,100,11934,503
6810,0,461,92,78,100,8182,295
4463,0,500,87,60,100,5645,155
4797,0,578,84,60,100,5878,282
8723,0,531,85,60,100,11697,430
6623,0,418,92,78,100,8139,317
7955,0,417,97,95,100,9287,323
9113,0,499,95,95,100,11262,479
7655,0,269,98,95,100,8852,374
6737,0,413,97,100,100,8366,253
10129,0,306,99,100,100,12100,341
8324,6,555,95,100,95,10783,365
8784,0,386,98,100,100,10665,310
6986,0,484,94,100,100,8648,346
9409,0,493,97,100,100,11376,443
9528,0,445,98,100,100,12101,521
8241,3,435,92,100,100,10499,404
8770,0,455,98,100,100,11081,394
5240,0,530,84,100,100,7003,327
4794,0,556,94,95,100,6359,277
4382,0,569,89,78,100,5388,191
6732,0,507,90,78,100,8298,306
1015,0,422,85,60,100,1604,96
5764,0,474,88,78,95,7095,244
5716,0,615,82,60,100,6987,254
6982,1,501,82,60,100,8737,326
6448,1,437,84,60,100,8361,316
6144,1,577,89,78,100,7433,304
15935,2,437,92,78,100,15722,495
12816,3,388,98,95,100,10648,337
7098,2,595,94,100,100,8524,298
4780,0,390,99,100,100,6082,229
5310,0,578,94,95,95,7635,296
5814,0,514,96,100,95,7477,231
9544,0,435,98,100,100,11205,385
6205,0,582,95,100,100,7663,277
1541,0,606,93,95,100,2455,136
3938,0,559,86,78,100,5578,270
3357,0,390,82,60,95,4214,134
1841,0,697,48,1,95,2397,123
16302,0,305,64,25,100,17381,446
11755,0,374,78,43,100,13430,434
1930,0,447,79,43,95,2523,123
6784,2,571,83,60,100,7718,236
4210,0,438,86,60,95,5242,170
5510,0,572,85,60,100,6846,208
3190,0,484,86,60,100,4272,116
5049,0,578,78,43,100,6030,161
3569,0,580,74,25,100,3778,120
4301,0,471,74,25,100,5383,170
5169,0,563,62,1,95,6503,198
7014,0,476,69,25,78,8451,290
7404,0,366,83,60,100,9999,438
2423,0,428,81,60,100,3069,162
4543,0,542,83,78,100,6116,234
6534,0,505,87,95,100,8751,343
5508,0,397,89,100,100,7634,405
6067,0,495,82,100,100,7385,236
3448,0,470,81,95,95,4440,123
3723,0,486,78,78,100,4944,146
4327,0,473,83,95,100,5623,172
6930,2,449,80,78,100,7942,227
3061,0,608,87,95,100,4049,155
23632,4,283,98,95,100,25968,701
5374,0,395,96,95,95,6683,193
29369,6,276,99,95,100,33764,794
12562,1,415,98,100,100,15691,430
22893,10,262,99,100,100,26869,745
7278,16,303,95,100,95,8826,227
25459,10,316,93,100,100,28982,704
6575,7,496,88,100,95,7929,207
25280,1,262,100,100,100,28830,693
27143,13,247,100,100,100,31511,779
8944,2,366,99,100,95,10617,257
24201,26,351,99,100,100,26425,666
4662,2,485,94,100,95,5714,180
29818,9,260,100,100,95,34134,752
4521,2,584,94,95,100,5521,151
28427,23,279,99,95,100,31315,781
5144,1,552,93,95,78,6334,187
24464,17,311,99,95,100,28344,716
6581,0,425,96,95,95,8559,202
23095,8,361,98,95,100,26669,660
7596,0,481,96,95,100,8838,207
29366,20,242,100,100,100,33083,835
7926,7,508,97,100,100,9701,273
26540,31,269,100,100,100,29157,747
5736,6,659,94,100,95,6657,161
25816,14,355,100,100,100,29041,678
7361,2,501,97,100,100,9188,283
29542,31,250,100,100,100,33283,819
11253,5,346,100,100,100,13949,489
28552,16,252,100,100,100,32598,788
4649,0,509,97,100,100,5550,158
9861,2,458,97,100,95,12065,312
21412,3,241,99,100,100,23951,639
11171,1,460,95,100,100,14321,501
4973,1,550,96,100,100,5808,169
21921,0,335,99,100,100,26154,693
4018,0,300,98,95,100,4437,150
17851,3,338,98,95,100,21178,633
3425,1,407,93,78,95,4198,133
23330,9,299,94,78,100,26962,703
8032,1,352,94,78,100,9668,285
22251,3,231,99,95,100,25901,728
6033,1,392,98,95,100,7320,205
25685,11,376,99,100,100,28737,641
11877,4,367,99,100,95,14070,339
22990,2,278,99,100,100,26906,738
6888,0,385,96,100,100,8791,298
26812,15,247,100,100,100,30534,749
7033,1,351,100,100,100,8671,281
19544,0,299,100,100,100,24104,714
4192,2,331,98,95,100,4801,159
19536,0,331,98,95,95,22742,621
4883,1,253,93,78,100,5907,215
20661,3,268,99,95,100,24396,728
3978,0,364,93,78,100,5225,204
23046,7,297,94,78,100,25563,684
3796,1,220,89,60,100,4745,160
3162,0,493,87,60,100,4353,160
18440,4,337,94,78,100,21955,656
7967,0,350,94,78,100,9471,311
19931,2,302,99,95,100,23268,711
3911,0,162,94,78,100,4991,161
6380,0,376,93,78,100,7170,275
11227,0,459,92,78,100,13600,316
11162,0,560,95,95,100,14151,403
14881,2,428,96,95,95,17908,443
9376,0,492,92,95,95,11565,392
15473,6,482,98,100,100,18132,422
9478,1,635,95,100,100,11685,359
8342,0,459,97,100,95,10696,217
12558,3,399,97,100,100,14622,379
16653,1,493,93,100,100,19998,457
15180,3,448,92,100,100,18678,518
16844,1,328,90,100,95,20741,394
16396,0,468,77,100,100,19777,513
13792,1,507,74,100,100,16402,461
14551,0,394,74,100,95,18808,413
16459,2,427,74,100,100,19171,437
11381,0,438,83,100,95,13553,331
14814,5,484,97,100,100,16896,475
11170,0,502,82,100,95,13534,391
10799,0,428,73,100,95,14257,324
16637,4,370,75,100,100,19938,493
8404,2,473,98,100,100,9606,337
15354,0,500,97,100,100,19725,430
11705,0,371,99,100,100,13967,355
16954,5,466,95,100,100,20098,401
17867,0,458,91,100,100,22986,394
11044,0,588,86,100,95,13979,380
14175,0,411,78,100,100,17300,417
13901,2,412,76,100,100,16982,376
18632,0,444,74,100,100,23262,557
10045,1,496,82,100,95,12400,386
8274,2,478,98,100,100,9815,324
6303,2,753,92,100,95,7954,284
16335,2,262,100,100,100,19033,357
15053,2,472,98,100,100,18541,435
14805,0,378,99,100,100,18001,381
17579,0,493,94,100,95,22863,491
13721,2,458,93,100,100,17348,374
14776,7,420,89,100,100,17442,403
13999,2,497,76,100,100,17007,362
19495,1,441,76,100,100,23147,498
7227,1,537,81,100,95,8481,276
8558,1,533,96,100,100,10441,330
16442,1,426,98,100,95,21017,347
21284,5,354,98,100,100,26589,459
14722,0,558,92,100,95,19157,368
18584,0,402,93,100,100,23742,518
13580,3,395,90,100,95,16476,432
14719,0,489,76,100,100,18150,392
9941,1,534,83,100,100,11488,372
9378,1,538,97,100,95,12348,269
9367,0,487,97,100,95,12578,271
14444,0,458,96,100,95,18609,341
15494,0,422,95,100,100,18706,442
5533,0,133,93,100,100,7456,148
1725,0,424,92,78,100,2025,93
2712,0,497,86,60,100,3297,125
660,0,445,76,43,100,860,42
1641,0,323,74,43,100,2249,111
2770,0,403,64,25,100,3445,124
2174,0,458,52,1,100,2676,112
5121,5,407,53,1,95,5468,200
4481,0,305,56,1,100,5809,184
1615,0,466,54,1,100,2141,104
7065,5,262,64,1,100,8583,190
2685,0,424,63,1,100,3329,143
3255,1,690,57,1,95,4435,159
4707,0,535,59,1,95,6400,213
852,1,84,63,1,100,1012,38
6018,2,454,60,1,100,6512,209
1703,0,570,53,1,100,2433,135
885,0,261,55,1,100,1338,76
1952,0,396,54,1,100,2403,123
2507,2,552,52,1,100,3238,166
482,0,128,53,1,100,830,47
2929,2,500,52,1,100,3563,131
3833,1,604,50,1,95,4528,164
8024,1,405,64,1,100,9835,234
3218,1,458,69,25,100,4008,161
2024,0,376,69,25,100,2543,111
409,0,75,68,25,100,772,45
2259,0,463,64,25,100,3033,116
2273,0,415,64,25,100,2715,117
1191,0,445,63,25,100,1654,85
891,0,265,52,1,100,1403,78
1713,0,484,50,1,100,2018,92
2153,0,415,50,1,100,2636,138
1769,1,231,53,1,100,1823,62
873,0,440,51,1,100,1190,58
1422,0,358,52,1,100,1847,85
3076,0,480,50,1,100,3896,174
1052,0,534,49,1,100,1394,72
1683,0,482,49,1,100,2458,131
1216,0,249,51,1,100,1450,58
1338,0,441,49,1,100,1964,93
2448,2,330,52,1,100,2795,109
1904,0,247,51,1,100,2759,134
991,0,171,51,1,100,1454,76
1319,0,233,50,1,100,1831,97
922,0,183,51,1,100,1058,42
1915,0,454,58,1,100,2307,104
1266,0,545,56,1,100,1824,93
963,0,551,55,1,100,1332,80
1124,0,399,57,1,100,1542,85
768,0,223,56,1,100,1390,72
1526,0,392,55,1,100,1941,95
2932,1,346,52,1,100,3637,151
1970,1,464,51,1,100,2393,108
1529,0,506,50,1,100,2114,101
1959,0,498,50,1,100,2477,108
2049,0,477,51,1,100,2683,132
909,0,506,49,1,100,1304,67
391,0,184,51,1,100,599,35
2528,0,423,50,1,95,3088,119
4496,1,531,50,1,100,5048,232
1443,0,548,49,1,100,2128,119
1048,0,479,48,1,100,1680,87
2986,0,451,48,1,78,3924,127
6259,0,713,56,25,95,8029,243
862,0,165,62,25,100,1167,67
1359,0,515,59,25,100,1886,95
1769,0,382,61,25,100,2215,104
2074,0,345,60,25,100,2636,144
395,0,233,59,25,100,639,32
194,0,104,58,25,100,368,19
1090,0,581,46,1,95,1737,96
3726,2,457,52,1,100,4740,164
1974,0,507,51,1,100,2891,160
12,0,28,51,1,100,69,5
13919,6,719,89,100,95,15801,299
19603,21,685,87,100,100,21803,421
16671,18,572,87,100,100,18588,358
11983,3,633,93,100,95,14341,275
7195,12,628,94,100,100,7996,337
6779,6,803,91,100,95,7950,357
6850,1,699,93,100,95,7242,315
21113,13,473,97,100,100,23157,490
10611,19,726,92,100,95,11476,294
14489,12,613,95,100,100,15887,464
15632,20,517,94,100,100,17435,364
23329,28,391,93,100,100,24682,526
18135,23,471,88,100,100,19829,421
15823,10,459,77,100,100,17292,525
4872,1,594,82,100,100,6193,287
15769,10,647,94,100,100,18985,344
13127,11,477,96,100,95,14223,369
4968,6,697,93,100,100,6085,196
16797,5,411,99,100,100,18988,388
5779,1,547,96,95,100,6284,266
17669,11,642,93,95,95,19696,370
12054,3,299,99,95,100,11486,366
17361,12,670,93,95,100,19969,478
10120,2,586,88,100,95,11221,315
5554,0,758,79,95,60,6451,274
12869,2,455,97,100,95,14764,310
17665,15,298,98,100,100,18940,609
14205,4,379,95,100,100,17546,324
13474,21,649,88,100,100,14896,393
18284,14,501,89,100,100,20037,423
14909,14,331,77,100,100,14943,434
18218,4,607,70,100,95,21426,414
19740,10,512,70,100,95,21246,479
13789,6,456,96,100,95,14661,486
14368,5,595,94,100,95,16784,443
8101,10,770,92,100,100,8944,332
15255,1,627,90,100,95,16415,438
20488,20,340,93,100,100,21364,654
11690,0,556,86,100,100,14192,275
6158,1,538,85,100,100,6746,290
14515,2,397,99,100,100,15652,503
14030,2,648,89,78,100,15946,296
10326,7,600,90,78,100,10766,246
13461,1,617,89,78,100,16417,322
15600,11,604,88,95,100,17531,330
7301,2,591,82,100,100,8014,322
13022,5,769,92,100,95,15154,313
4488,7,521,95,95,100,5109,198
14060,1,703,92,95,95,16257,369
2698,5,67,92,95,100,2778,91
15868,0,379,98,95,100,19205,521
14965,1,422,98,95,100,18471,514
13332,2,553,95,95,95,15052,426
8878,0,453,95,100,100,11324,442
13857,1,556,96,100,100,17877,456
15932,0,372,99,100,100,19870,473
11649,2,705,90,100,78,15060,324
9190,0,460,94,100,95,11341,341
16857,1,338,93,100,100,20451,433
7559,0,554,88,100,100,10172,340
14608,1,572,75,100,100,17944,414
17281,1,401,76,100,100,21405,558
14319,0,318,75,100,100,18508,468
9757,4,591,80,100,100,11714,329
7933,2,513,81,100,95,9802,345
15258,3,432,73,100,100,18534,447
11700,0,526,79,100,78,13949,391
10134,7,603,80,100,100,11598,375
9653,4,523,82,100,100,11051,340
12464,0,438,73,100,100,16049,360
12660,1,517,79,100,78,15653,481
10404,5,536,81,100,100,11645,393
7891,1,441,82,100,95,10067,332
12537,4,459,73,100,100,14598,355
9923,3,611,79,100,100,11876,409
9717,2,405,71,100,100,11617,385
15159,1,457,73,100,100,18497,395
9630,0,520,79,100,78,12351,275
15115,2,507,72,100,100,17743,424
8847,2,621,77,100,78,10986,324
10784,3,566,70,100,95,11994,361
8971,2,411,83,100,95,10296,379
9335,2,609,79,100,95,11182,344
8059,4,583,80,100,100,9743,365
11513,5,588,70,100,95,14014,289
10243,0,623,79,100,95,12269,386
10406,1,501,82,100,100,11919,388
7103,0,449,83,100,100,9469,302
9743,0,531,97,100,100,12660,422
10354,7,487,97,100,100,11948,421
15899,0,164,100,100,100,18297,684
10361,2,479,96,100,95,12503,377
10491,0,496,94,100,100,13514,425
10115,0,525,91,100,100,12496,421
11104,0,540,88,100,100,13128,424
12238,0,373,78,100,100,14043,434
10246,2,403,84,100,100,11446,397
14339,7,391,74,100,100,16797,541
9409,1,611,80,100,100,12314,281
13816,0,502,72,100,100,16182,435
9104,1,505,81,100,100,10704,318
9580,2,602,80,100,100,11852,338
11580,6,451,73,100,100,13450,385
10556,1,611,80,100,100,12844,371
8049,4,418,83,100,100,9435,311
13199,9,390,74,100,100,16589,387
12150,2,598,70,100,100,14021,413
10142,1,583,80,100,100,11951,367
11417,8,556,71,100,100,13514,319
10985,1,423,74,100,100,14478,283
10386,0,477,82,100,100,13185,407
10636,1,582,80,100,100,13926,353
14780,3,370,74,100,95,18080,439
12865,0,637,69,100,100,15063,400
11059,1,357,74,100,100,12833,423
6716,1,536,94,95,95,8255,277
5050,0,575,90,78,100,6853,268
11286,2,552,89,78,100,14266,456
13118,0,533,94,95,100,16484,513
6594,1,294,94,95,100,8685,326
15257,1,399,98,95,100,17887,523
13744,1,385,98,100,95,17105,523
14000,0,454,97,100,100,16785,494
18128,2,416,95,100,100,20997,568
14796,0,430,92,100,95,17447,558
6908,3,363,91,100,100,8580,283
2145,1,413,96,100,78,2797,146
17419,0,371,99,100,100,20128,587
16267,2,437,98,100,100,19136,528
14410,1,343,99,100,100,17567,524
14364,2,399,96,100,100,17511,485
16835,2,363,94,100,100,19634,585
17453,4,389,90,100,100,19643,494
3128,1,412,84,100,78,4164,215
13424,1,391,99,100,100,16388,509
12961,1,437,97,100,100,15981,520
3930,0,282,96,100,95,12884,205
7839,2,483,97,100,100,9743,289
6930,1,429,98,100,100,8349,273
6009,1,317,98,100,95,7502,161
3930,3,588,91,95,78,4889,245
8758,3,451,96,95,100,11319,379
5130,3,536,93,95,95,6488,292
7681,0,611,93,95,95,9036,228
4123,3,589,88,78,95,5195,175
5611,0,584,84,60,95,6979,220
7672,1,495,91,78,100,10009,298
1371,2,448,91,78,100,1870,104
11365,4,585,87,78,78,14129,333
4049,2,696,70,43,60,5067,172
8609,1,602,82,60,100,10438,371
9957,3,404,90,78,100,12026,476
5136,0,309,86,60,100,6416,295
3929,2,723,74,60,60,4788,202
6487,3,559,72,43,100,7973,298
6483,1,448,78,60,95,7835,311
4066,3,477,76,60,100,5435,328
9509,1,612,85,78,95,12081,311
5365,1,490,81,60,100,6659,192
8814,3,335,90,78,100,11346,369
3893,4,542,86,78,95,4813,223
6009,1,584,82,60,100,7621,179
7363,3,446,82,43,100,9065,309
4172,1,523,86,60,100,5149,232
3926,4,658,74,43,100,5053,225
8249,3,552,79,60,78,9833,332
8262,1,360,84,43,100,9871,240
2952,1,491,80,43,100,3913,187
3897,4,639,75,43,100,4632,196
5533,2,488,73,25,100,7016,269
6021,3,565,71,25,95,7261,260
7088,4,485,79,43,78,9044,292
8191,2,532,80,43,95,9970,279
1970,2,405,79,43,100,2504,98
3048,4,627,75,43,95,4006,179
2672,1,700,72,43,95,3771,185
6777,1,500,84,78,100,8013,257
4954,1,102,76,60,100,5591,147
2862,0,534,90,78,95,3712,187
7038,6,533,86,60,100,9149,367
5776,0,583,77,43,95,7188,273
2915,0,676,72,43,95,4140,220
7591,0,619,69,43,100,9606,394
4443,1,556,66,43,100,5621,218
5643,3,569,67,43,100,6853,289
5165,0,581,65,43,95,6552,292
6342,2,534,73,60,100,7498,278
6856,1,461,73,60,100,8264,344
2751,0,615,68,60,100,4073,205
4700,1,687,61,43,95,5982,256
3500,0,680,56,25,95,4712,222
7713,2,320,64,25,100,9365,375
4451,0,720,57,25,100,5424,194
3029,0,603,51,1,95,4110,195
2661,1,561,52,1,100,3499,163
9089,1,412,70,25,100,11847,289
9602,3,488,79,43,100,11736,406
7532,3,577,81,60,95,9389,388
4536,0,553,85,78,100,6058,271
5560,1,604,87,95,78,7072,227
4402,1,553,88,95,100,6212,228
4418,0,499,88,95,95,5935,284
8892,0,399,93,95,100,11073,227
4963,0,541,83,78,100,6268,212
5376,2,539,79,60,100,6796,284
2105,0,536,72,43,100,3241,167
4388,3,603,66,25,100,5666,218
7467,8,524,76,43,100,9082,367
4212,2,456,76,43,100,5552,262
7811,2,391,80,43,100,10360,267
8292,11,545,86,60,100,9281,295
4806,3,619,87,78,100,5627,225
5498,5,472,95,95,95,6757,275
4033,0,663,91,95,95,5041,242
4026,0,718,81,78,95,5234,200
5520,2,523,85,78,100,7056,284
12727,2,502,88,78,100,16480,350
4789,7,565,79,60,100,5736,251
4354,3,544,75,43,95,5410,211
6626,2,531,71,25,100,8188,380
5513,2,484,70,25,100,6934,334
13372,2,512,79,43,100,17233,366
7343,1,497,84,60,100,8886,426
6445,9,513,88,78,100,7705,323
4152,2,623,90,95,100,5571,215
3834,2,586,89,95,95,5378,279
5238,2,442,90,95,100,6626,288
7883,16,599,90,95,100,9853,245
6307,0,374,90,78,100,8239,182
4386,0,585,81,60,100,5426,239
4349,1,635,75,43,100,6075,288
3868,0,501,71,25,100,5746,295
3061,0,645,66,25,100,4334,216
2579,1,556,65,25,95,3369,171
5520,2,599,52,1,60,7319,284
6301,6,408,63,1,100,8055,204
3887,1,434,61,1,95,5346,271
5928,0,516,66,25,95,7184,313
4329,2,580,65,25,100,5600,266
3193,0,583,63,25,100,4410,214
3273,0,347,65,25,100,4264,203
3831,0,400,64,25,100,5222,259
2504,0,452,58,25,100,3424,185
5639,10,252,98,95,100,8114,288
4515,7,617,83,60,78,6696,234
5356,8,462,80,43,78,7236,255
7341,12,478,87,60,100,9474,336
5497,14,668,81,60,78,7356,241
5684,4,519,81,43,95,8557,219
11486,19,577,77,43,100,15634,339
9431,12,446,88,60,100,11724,426
4914,4,496,87,60,100,6334,254
8851,13,495,91,78,100,11533,374
8194,7,560,87,78,78,11352,335
5613,8,542,93,95,95,7710,244
7932,8,586,94,95,100,10660,384
10699,12,344,91,95,100,14430,490
8206,16,370,97,95,100,10214,336
6321,7,575,90,95,95,8541,242
8894,24,599,91,95,78,11575,303
3602,4,605,89,78,95,5294,171
8701,24,635,91,95,78,11354,348
6886,6,564,94,95,95,9772,276
5414,2,298,94,78,100,7759,325
7888,12,378,93,78,100,10860,408
2129,2,755,86,78,95,3202,150
4466,13,723,82,60,100,5738,214
4078,7,594,83,60,95,5065,192
3943,7,571,78,43,95,5491,206
5287,9,623,71,25,78,7373,248
10900,10,456,83,43,100,14482,485
12405,35,568,81,43,95,16240,323
2549,6,553,78,43,100,3385,124
4423,3,614,78,43,78,5810,234
5948,5,590,80,43,95,8172,231
1911,2,582,80,43,95,3006,145
2332,0,568,79,43,100,3170,141
6262,4,497,80,43,100,8634,312
6615,21,486,76,25,100,8408,282
6734,3,502,77,25,100,8930,366
6039,11,554,76,25,100,7743,291
8152,9,507,82,43,100,10180,346
8147,14,387,89,60,100,9968,351
4565,4,568,82,60,100,5620,210
10800,15,441,88,60,100,14223,392
6829,22,533,94,95,95,9013,304
8104,8,478,93,100,95,10162,394
6790,17,518,90,100,100,8363,239
6206,3,476,87,95,95,8558,273
2439,0,489,95,95,95,3232,146
12476,16,421,97,95,100,15602,460
6562,4,390,97,95,100,8451,333
6263,9,514,90,78,95,7711,271
6227,11,577,84,60,95,8129,251
6771,4,381,89,60,100,8448,313
6672,5,536,90,78,100,8379,295
4030,7,591,89,78,100,5136,152
5820,8,440,92,78,100,7759,350
11188,8,320,94,78,100,15191,478
2132,0,610,89,78,100,3046,131
10350,8,466,96,95,100,13689,538
8908,4,400,97,95,100,12532,479
7066,6,612,91,95,78,9143,251
9868,12,385,95,100,100,12109,379
2949,5,719,91,95,100,3913,153
2441,0,570,86,78,95,3646,181
3952,2,630,59,1,95,5007,161
3158,5,677,58,1,95,4615,186
5898,11,428,68,1,95,7399,286
4721,3,471,74,25,100,6560,281
6684,10,486,76,25,100,8616,289
3776,5,628,73,25,95,4804,203
3240,10,574,74,25,100,3694,116
1883,1,582,68,25,95,2652,128
1019,0,617,66,25,100,1682,77
5429,8,600,62,1,95,7023,204
4260,13,607,65,1,100,5380,194
3951,5,530,64,1,95,5576,268
1559,2,675,60,1,95,2296,107
3717,6,606,61,1,95,4682,181
4419,7,659,64,1,95,5904,198
2589,9,640,62,1,100,3371,123
2921,2,609,59,1,100,4601,209
4257,10,496,64,1,95,5407,218
4300,2,633,60,1,78,6141,220
6439,23,504,66,1,100,8357,227
3850,7,607,67,1,95,5390,196
6505,9,597,75,25,100,9064,305
3407,0,445,75,25,78,5468,222
4729,5,563,74,25,100,7632,377
4472,0,479,80,43,100,6739,227
2838,0,462,71,25,100,4449,204
4215,0,625,67,25,95,6502,276
6284,4,506,74,43,100,9401,383
5169,1,579,76,43,95,7986,309
4692,4,642,75,43,100,7021,238
6345,0,355,82,43,100,8947,304
5601,3,552,84,60,100,7987,349
2551,0,510,78,43,95,3922,181
5818,2,660,74,43,78,8173,311
5187,9,422,80,43,95,7058,273
7438,11,705,74,25,100,10725,353
2106,0,490,77,43,95,3245,175
4774,10,644,74,25,95,6491,235
4932,2,453,78,25,100,6651,295
6405,7,551,80,43,100,8798,401
9401,3,449,88,60,100,10835,336
3749,3,608,73,60,60,4760,189
1980,1,761,75,60,78,2734,140
656,1,322,75,60,95,935,55
19740,0,353,98,95,100,21187,534
11758,0,591,95,95,100,15103,459
14350,3,427,96,95,100,16184,477
10587,0,506,93,100,95,11980,429
10471,0,530,96,100,95,13841,283
7125,0,484,97,100,100,8805,430
10031,0,629,94,100,95,10730,397
6101,0,560,96,100,100,8118,367
15106,1,468,97,100,95,17157,504
19359,3,308,100,100,100,21416,574
11066,1,390,98,100,100,14168,519
16683,0,346,96,100,95,20054,581
14748,0,480,98,100,100,17213,586
12383,0,560,95,100,95,15935,477
13886,1,637,89,100,78,17751,425
7290,0,654,88,100,95,8777,337
10001,0,627,92,100,78,12298,483
9494,15,681,93,100,95,11511,359
8978,0,659,91,100,78,12181,341
6983,0,563,94,100,100,9374,308
11477,1,562,93,100,78,12676,374
10191,0,741,90,100,78,12674,376
5836,0,673,90,100,78,7841,357
14836,4,587,95,100,100,17662,524
11095,4,332,99,100,95,14897,633
17102,5,568,96,100,100,18519,452
13725,2,566,96,100,95,18228,378
11886,0,630,92,100,78,14315,424
8412,0,701,88,100,78,11006,370
7346,0,709,91,100,78,9926,319
12167,1,693,93,100,95,15482,422
9803,0,392,99,100,100,12451,529
10913,0,700,87,100,43,12477,336
8720,3,769,90,100,78,11043,297
8418,0,737,92,100,95,11119,265
13846,0,551,96,100,95,18056,470
12576,0,650,92,100,78,16309,387
12560,5,513,87,100,95,14188,418
11051,2,500,94,100,95,14212,424
16569,2,567,86,100,60,20665,602
4910,0,736,88,100,60,6476,313
11347,3,564,89,95,78,13423,457
4283,0,856,78,78,78,6094,228
16150,0,494,89,78,78,18917,481
7755,0,506,88,78,95,9659,378
2334,1,851,75,60,78,3350,167
8737,0,822,83,78,78,12177,259
7417,4,595,94,95,100,9146,337
9351,0,712,92,95,95,10990,285
6065,0,621,92,100,78,8227,368
10626,0,546,95,100,95,12373,414
9762,4,480,95,100,78,12429,492
9864,0,533,95,100,95,11597,410
2335,0,598,94,100,95,3117,137
12534,3,767,91,100,95,17029,308
1596,0,679,91,95,95,2512,120
2545,1,813,79,78,43,3913,160
1998,0,794,75,60,60,2573,103
11699,3,745,79,60,78,15397,355
2809,1,857,66,43,43,4049,156
1844,0,674,74,43,95,2756,113
3687,0,789,60,25,60,5379,228
5100,0,733,61,25,78,6943,296
15752,4,665,74,43,78,19236,305
2323,0,919,64,43,25,2964,113
5641,6,666,69,25,78,5912,137
7461,2,918,67,43,25,9869,202
9194,5,753,75,60,25,12493,221
6287,0,710,83,78,60,8584,198
4118,0,845,71,43,43,5206,197
3209,0,917,73,43,78,4379,121
16109,0,320,99,95,100,20317,700
16854,0,348,98,95,100,21654,838
15534,0,312,100,100,100,18797,669
16174,0,407,98,100,95,20199,607
16686,3,309,99,100,95,20750,646
10308,0,354,98,100,100,14420,576
13187,0,382,99,100,100,19660,666
11584,0,293,99,100,95,17041,679
12863,0,324,99,100,100,19882,652
13170,1,299,100,100,100,19244,674
13386,0,268,100,100,100,19133,633
9960,1,503,97,100,95,15019,472
11330,0,455,98,100,100,17163,551
11467,0,281,100,100,100,17901,667
11250,0,352,99,100,100,16938,621
11177,0,454,97,100,100,16910,603
10588,0,416,98,100,100,16140,562
14757,0,323,99,100,100,21941,723
11973,0,372,99,100,100,18150,597
10723,0,385,98,100,100,16404,585
10375,0,376,98,100,100,15380,549
11954,0,262,100,100,100,17779,594
10424,0,489,97,100,100,16240,553
12477,0,370,98,100,100,19287,577
10080,0,413,98,100,100,15723,524
6989,0,488,97,100,100,10971,357
9823,0,233,99,100,100,15303,609
9163,0,392,99,100,100,14179,535
15171,0,248,100,100,100,22669,660
11838,0,314,99,100,100,17613,631
11493,1,274,100,100,100,18464,715
9761,0,339,99,100,100,15674,694
10496,1,330,99,100,100,15528,582
11158,0,289,99,100,100,16815,616
10425,0,273,99,100,100,16876,701
11969,0,310,99,100,100,17764,713
11800,0,307,99,100,100,17645,621
9908,0,353,99,100,100,15083,640
12799,0,262,99,100,100,18756,607
10425,0,438,98,100,100,16102,569
7285,0,465,97,100,95,11552,472
8482,0,695,93,100,95,12775,450
5724,0,651,94,100,100,8579,313
3564,0,441,96,100,100,5687,246
7492,0,450,95,100,95,12257,474
7536,0,431,98,100,100,12410,369
7726,0,396,96,100,100,11854,453
4457,0,441,97,100,100,7668,280
9395,0,475,96,100,100,14860,461
9045,1,381,99,100,100,13165,451
10833,0,418,98,100,100,16248,581
10781,0,382,99,100,100,15442,522
11657,0,406,96,100,100,17097,552
7949,0,341,95,100,100,12767,517
9033,0,383,99,100,100,14263,552
14210,0,327,99,100,95,20434,720
12549,0,298,99,100,100,17924,560
15073,0,224,98,100,100,20863,653
9429,0,311,96,100,100,14545,617
9299,0,428,98,100,100,14398,498
12687,0,322,99,100,100,19141,621
8197,0,354,99,100,100,12830,496
7798,0,472,96,100,95,12236,458
6718,0,415,98,100,95,10037,387
9004,0,477,97,100,100,14462,522
7054,0,556,96,100,100,11759,378
9115,0,476,97,100,100,14417,468
6505,0,509,96,100,100,9973,331
8110,0,498,96,100,100,12019,455
10782,0,418,98,100,100,15455,523
7269,2,580,90,78,100,9062,403
7685,8,459,87,60,100,9311,401
10149,15,449,87,60,95,11937,515
16402,7,428,93,78,95,18870,648
7037,7,518,90,78,100,8840,388
7386,5,447,92,78,100,9563,536
11860,10,401,98,95,100,11249,519
4816,2,641,92,95,100,6614,354
9876,12,438,98,100,100,12145,454
9630,1,722,92,100,95,12406,393
9009,7,506,94,100,78,11153,441
12585,17,434,94,100,95,14358,539
7615,2,543,90,100,95,10204,470
9343,11,441,98,100,100,10883,433
8883,4,536,95,100,100,11516,405
6786,10,672,93,100,100,7563,315
8053,8,460,98,100,100,10171,355
9509,12,410,98,100,100,10842,493
10365,12,500,97,100,100,12401,504
9456,7,518,96,100,100,11858,457
8672,14,530,96,100,100,10132,409
8464,0,627,92,100,78,10627,328
11839,9,369,99,100,100,14146,571
12622,10,403,98,100,95,15117,552
7567,9,484,96,100,100,9347,424
11426,1,494,98,100,100,13986,480
8130,6,412,98,100,100,9970,474
7285,5,535,96,100,100,9839,413
8829,5,490,97,100,100,11629,364
14327,11,382,99,100,100,18106,587
8627,6,518,96,100,100,10564,442
10973,11,517,96,100,100,13746,486
5849,3,527,97,100,100,7920,385
6205,5,544,96,100,100,8474,398
9114,4,435,98,100,100,11413,369
3422,2,652,93,100,95,4755,247
8524,9,497,97,100,100,10904,443
9081,2,495,97,100,100,12001,451
8117,12,515,96,100,100,10261,419
7901,2,481,97,100,100,11048,454
7756,3,486,97,100,100,9868,479
5023,0,511,95,95,100,7113,376
5605,11,542,94,95,100,6879,332
7351,11,533,94,95,100,9386,414
10440,1,403,97,95,100,13585,554
10460,12,492,96,95,100,13114,507
5038,1,498,90,78,95,6740,351
4429,0,575,85,60,100,6557,353
11078,2,388,93,78,100,14697,535
6535,2,622,92,95,95,8516,388
9502,14,416,97,95,100,12131,480
3413,2,554,90,78,100,4755,261
8743,2,416,93,78,100,11827,513
9419,3,426,97,95,100,12371,524
6348,4,421,97,100,100,9036,429
8114,2,589,94,100,100,11092,374
8000,2,526,96,100,100,10707,402
2942,1,466,96,95,100,4103,221
8704,1,452,98,100,100,11725,521
9138,11,560,96,100,100,11935,459
4087,1,435,96,100,100,5838,323
4881,6,629,91,95,95,6793,363
7121,3,438,95,95,100,9595,387
6986,2,485,95,95,100,9669,417
7889,1,477,97,100,100,10428,439
6637,2,559,94,95,100,9047,409
6191,2,512,95,95,100,8438,452
6716,3,541,90,78,100,9230,383
3965,0,535,88,78,100,5591,272
12003,1,407,93,78,100,15978,495
3763,1,555,86,60,100,5492,298
13680,2,373,89,60,100,17922,507
1462,1,105,88,60,100,1908,78
14900,1,454,92,100,78,18147,388
14525,10,439,92,100,100,16033,537
5127,0,474,87,95,100,6256,251
4118,0,541,95,95,100,5077,210
12126,18,609,93,95,95,11810,279
6928,0,595,94,95,100,9275,393
16383,2,362,98,95,100,19570,450
11269,0,455,97,95,100,14231,314
17016,2,488,96,95,100,19004,631
19177,1,387,96,100,100,22577,634
14219,0,536,90,100,95,17692,469
6338,0,571,85,100,78,6788,231
1242,0,751,91,95,95,2378,157
11138,2,466,96,95,100,13079,522
9100,1,465,96,95,95,10975,257
9352,2,588,95,95,100,11208,460
18824,5,348,96,95,78,20817,499
11693,4,460,96,95,95,11758,324
16323,1,519,96,100,100,21051,444
14255,0,453,94,100,95,16898,510
12951,0,511,92,100,100,15930,442
9307,2,531,88,100,95,11150,345
7309,1,520,98,100,100,9227,409
10009,1,382,99,100,100,12729,675
8776,0,502,97,100,100,11008,296
17587,3,496,94,100,78,21800,434
13746,3,543,96,100,95,17667,483
14690,3,461,97,100,100,18192,383
13962,0,545,93,100,95,19020,438
14488,1,400,93,100,100,17412,669
7234,3,354,90,100,100,8463,348
12672,3,348,99,100,100,15213,407
15159,0,481,97,100,95,19518,409
11236,1,473,97,100,100,12842,508
10942,0,514,96,100,95,12889,455
7909,1,503,96,100,95,10228,420
10085,0,574,95,100,100,12573,376
11332,0,410,98,100,100,13488,470
11626,0,406,98,100,100,12621,504
12757,1,432,98,100,100,15257,397
6090,0,520,96,100,100,7869,240
12183,1,505,97,100,100,13183,466
14692,0,483,98,100,100,16808,658
15196,1,406,98,100,100,17923,637
13529,0,324,95,100,100,15084,603
13607,11,349,93,100,100,13578,389
10509,0,528,86,100,78,13485,322
13262,0,539,75,100,100,17153,305
11124,0,571,73,100,100,15054,277
12073,1,424,74,100,95,13182,522
7067,0,459,82,100,100,8613,349
9621,0,527,97,100,100,13144,385
7954,0,546,95,95,95,10200,308
17182,1,350,98,95,100,21083,396
10632,0,498,96,95,95,14149,230
12566,2,383,97,95,100,15806,492
12032,5,482,94,95,100,13438,456
8697,0,503,92,100,100,10509,446
8463,0,433,97,95,100,10367,351
6553,0,572,95,100,95,7534,279
8359,1,475,97,100,100,10300,431
11087,1,191,98,100,100,14311,309
14077,3,356,94,95,100,17715,544
9940,0,559,89,95,100,13896,457
8989,5,404,88,95,100,12284,470
6108,0,408,97,95,100,8312,438
16141,4,307,99,95,100,19314,496
8672,0,467,96,95,95,12577,413
8608,0,535,96,100,100,11986,370
12501,1,381,95,100,95,15862,465
8342,0,622,88,100,95,11792,369
13166,18,431,89,100,100,17159,547
10797,1,371,78,100,100,15417,574
13020,2,415,75,100,95,16952,410
14631,0,423,73,100,100,19833,595
12018,0,390,74,100,100,16247,441
9787,1,525,72,100,100,13464,341
13777,8,319,75,100,100,17505,493
14687,0,603,70,100,100,20085,457
8660,4,346,84,100,100,11055,481
10632,0,384,99,100,100,15030,624
8339,1,601,95,100,100,11932,450
10136,4,476,97,100,100,11606,445
10213,0,477,97,100,95,14462,376
8272,0,450,97,100,100,11988,375
13684,4,546,93,100,100,17939,475
9908,1,452,90,100,95,13997,339
7991,1,481,89,100,100,10323,505
9581,11,416,98,100,100,11467,502
11821,1,470,98,100,100,16550,434
11898,1,428,98,100,95,16532,525
4514,2,734,92,100,100,6040,274
921,0,765,91,95,100,1897,106
3018,2,675,87,78,100,4271,215
3975,1,667,80,60,100,6022,344
5363,6,613,81,60,100,6861,354
3168,1,627,70,43,100,5076,295
1503,0,678,61,25,100,2961,181
1703,0,728,59,25,100,3487,214
1120,0,673,58,25,95,2280,140
2404,4,789,56,25,100,3682,208
1543,0,753,57,25,100,2966,152
3525,2,758,52,25,95,5423,296
3944,0,734,55,25,100,5282,283
4518,2,663,62,43,100,6044,329
2428,0,664,61,43,100,4061,238
3042,0,697,59,43,95,4719,288
2506,0,802,61,60,95,4088,259
6857,0,682,67,78,95,9050,451
6700,3,624,69,78,95,8563,440
3506,0,575,76,95,100,4820,262
3036,0,859,70,95,100,4555,244
1426,0,629,74,100,95,2626,162
2374,0,606,73,95,100,3636,212
3817,0,602,66,78,78,5604,301
3212,0,534,65,60,95,4823,246
3681,2,576,61,43,100,5095,271
3490,1,535,57,25,100,4724,192
6201,1,531,66,25,100,8526,250
3662,1,537,65,25,100,5431,238
1796,0,692,58,25,60,2975,174
2662,0,674,61,25,100,3989,231
4118,1,532,64,25,100,5586,275
7485,1,477,74,43,100,10006,346
5737,0,437,77,43,100,8088,259
9878,5,622,79,43,100,13354,342
5037,0,548,80,43,95,7014,339
7078,3,563,81,43,95,10047,219
9762,6,571,86,60,100,13352,308
7643,3,505,85,60,95,10259,320
9898,4,497,86,60,95,13552,401
9155,1,662,89,78,100,13044,375
6045,1,400,92,78,100,7959,252
8053,4,714,87,78,95,11377,346
4666,0,686,87,78,100,6856,346
6637,1,548,90,95,60,9582,284
5468,0,542,90,95,78,7439,275
2635,0,716,87,78,95,4530,217
953,0,630,80,60,95,2092,120
2188,0,878,73,60,100,3506,184
3639,2,676,70,43,100,5211,212
7849,0,542,74,25,100,10651,274
9767,0,600,72,25,60,13764,338
9453,6,589,79,43,100,13234,373
10568,0,664,78,60,78,15751,325
10880,6,378,87,78,100,15253,329
9235,0,518,86,95,100,13111,318
3734,1,562,82,95,100,5420,221
9575,1,696,92,100,95,13906,312
9811,1,510,96,100,100,13904,328
9581,2,423,97,100,100,12541,348
5230,0,762,87,95,95,8313,224
7813,0,611,94,95,100,11060,299
7644,1,504,95,95,100,10111,302
9847,10,503,95,100,100,12056,459
5944,1,441,94,100,100,8198,402
6320,3,562,95,100,100,8692,417
2477,0,680,91,95,100,3958,215
3830,2,629,89,95,95,5157,278
6760,5,651,88,95,95,8798,351
10142,0,452,94,95,100,13431,605
8275,1,496,94,95,95,10867,405
7284,0,667,89,95,95,10700,331
4016,0,486,87,95,100,6195,340
3291,0,667,90,95,100,4989,255
10824,0,710,93,100,100,16215,368
2064,1,622,93,95,100,3407,170
6155,0,527,91,95,95,8079,253
7283,0,535,95,95,95,8716,261
8398,0,432,97,95,100,11001,320
5441,0,470,97,100,100,6450,217
8717,0,440,96,95,95,10685,279
7029,0,531,94,95,95,8332,217
8740,0,528,94,95,95,10978,329
7349,0,640,89,95,100,7927,211
5265,1,471,85,78,95,6679,220
6638,0,546,94,95,95,8294,240
4539,0,696,83,78,60,5978,171
6624,0,431,93,78,100,8491,237
9044,0,480,92,78,100,11575,421
7129,0,357,93,78,100,8983,280
8654,0,612,90,78,95,10051,348
7303,0,593,89,95,100,8527,292
8143,0,494,86,100,78,9745,292
7288,0,488,75,100,95,7955,256
7708,0,411,75,100,100,8943,261
5804,1,412,81,100,100,6826,223
7553,0,504,95,100,95,9563,258
6618,0,431,97,100,100,9459,240
7992,0,499,96,100,100,9955,286
5795,0,421,93,95,95,6841,258
8316,0,721,91,95,95,9885,302
7539,0,451,93,78,100,8613,244
7754,0,403,95,95,100,9458,349
7255,0,503,91,95,95,9060,290
9775,0,628,86,100,78,12213,365
8078,0,446,89,100,100,9891,274
7351,1,492,76,100,100,8876,253
6739,0,369,75,100,100,8516,207
7741,0,497,81,100,95,8812,239
5841,0,586,79,100,95,7854,198
6681,0,427,96,100,100,8006,255
6974,1,415,96,95,95,8296,250
8500,1,473,96,100,100,10772,294
10711,0,633,90,100,95,13419,347
8555,0,502,90,100,95,10285,311
7611,2,542,87,100,95,9117,247
6464,0,425,84,100,78,7615,204
6988,0,488,72,95,100,8831,264
7258,0,465,72,100,95,8518,246
7204,0,527,72,100,100,8807,271
8655,1,617,69,100,95,11015,351
8159,1,495,71,100,95,9645,254
6539,0,490,79,95,95,8504,226
7547,0,430,73,95,100,9346,272
6630,0,327,84,100,100,7634,208
9548,0,680,91,100,78,11598,307
6529,0,391,98,95,95,7794,214
7313,0,578,94,100,95,9025,282
6660,0,417,98,100,100,8615,369
9848,0,642,94,100,100,12324,387
8895,0,384,99,100,100,11107,431
7321,0,590,96,100,95,9024,318
6955,0,345,95,100,95,8972,303
6729,0,465,98,100,100,8315,323
7926,0,474,97,100,100,9148,297
7043,0,539,94,100,78,8887,268
3186,0,557,94,100,95,4323,148
3415,0,597,94,95,95,5085,175
5682,0,519,95,95,95,7916,181
7473,0,447,97,95,100,8703,242
6581,0,508,90,78,95,7774,217
3565,0,241,84,60,95,4601,109
13014,1,542,95,95,95,16513,308
18626,5,353,98,95,100,21886,387
19922,17,550,94,95,95,22959,399
10968,0,319,95,100,95,13185,303
12092,18,667,87,100,100,13410,356
7386,0,481,88,100,100,9013,380
8737,6,497,96,100,100,9341,238
10381,16,485,97,100,95,11220,287
12817,16,493,96,100,100,14171,343
9663,0,610,91,100,100,12616,263
11495,5,523,90,100,95,13169,301
14188,7,404,90,100,100,16654,492
15506,4,282,78,100,100,18358,574
12364,2,534,74,100,100,14248,393
12739,0,433,73,100,95,16659,440
9689,3,306,84,100,100,11871,510
14517,0,412,98,100,100,16650,473
14745,6,281,100,100,100,16983,491
13836,1,403,98,100,100,16675,529
12000,1,495,93,100,95,14035,361
13716,2,406,93,100,100,16511,465
9711,0,466,89,100,95,12745,470
10464,0,491,98,100,95,12714,502
10534,1,508,93,100,60,12783,549
8963,1,478,98,100,100,10652,387
11797,1,406,99,100,100,13880,497
13204,1,452,98,100,100,15312,563
8038,0,512,96,100,100,9130,341
13964,1,449,98,100,100,17517,353
12990,0,510,97,100,100,14707,397
5742,0,507,96,100,100,7301,263
9851,0,571,97,100,95,11516,306
14944,1,526,97,100,100,16790,476
11031,4,574,94,100,95,12664,318
13238,0,503,93,100,95,16953,314
12827,5,487,91,100,95,14747,316
13051,3,613,87,100,100,14101,318
11489,8,589,74,100,95,12964,328
13660,7,520,74,100,100,15055,391
11956,1,663,67,100,78,13665,315
3892,0,659,78,100,95,5294,266
10607,6,523,96,100,100,11983,395
4245,0,632,94,95,100,5480,282
5741,0,539,90,78,95,8205,446
11196,4,516,90,78,95,13337,479
3105,0,589,85,60,100,4943,304
2639,0,654,74,43,95,4359,272
4783,0,467,75,43,100,6944,352
6881,0,477,67,25,100,9029,363
14768,1,394,82,43,100,18889,393
11670,1,392,85,60,95,13517,552
3680,1,487,80,43,100,4539,211
4332,0,641,76,43,100,5586,246
5671,0,439,79,43,100,7720,378
10433,2,461,82,60,95,12604,524
2749,0,491,79,60,100,3753,199
11210,2,620,81,60,95,14419,302
3506,0,626,73,43,95,4698,249
2792,1,443,76,43,100,3971,193
2202,0,610,71,43,100,3253,162
3712,0,632,69,43,100,5074,268
9629,0,662,75,43,95,12964,219
13113,0,403,89,60,100,16429,263
2290,0,546,78,43,95,3360,190
10120,0,480,87,60,100,13715,263
12464,2,537,92,78,100,15652,276
9434,0,541,95,95,95,12428,217
6090,0,650,90,95,100,7511,316
5690,0,545,95,95,100,7352,303
5578,1,608,89,78,100,7586,362
3542,0,384,92,78,100,4497,230
4791,2,486,79,60,100,6137,298
1469,0,155,68,43,100,1857,94
12745,0,374,96,100,100,13717,604
17641,1,322,93,100,100,18079,611
10189,0,332,91,100,95,12157,518
7936,5,582,96,100,100,8775,317
6330,2,506,97,100,100,7248,317
7390,3,501,96,95,100,7977,332
0,0,10,82,60,100,10853,0
8159,0,451,74,43,100,9383,432
18456,3,301,80,43,100,20060,669
7869,3,503,95,95,100,8015,340
9963,6,533,96,100,100,10118,388
8145,1,497,94,100,100,8903,404
8718,0,373,99,100,100,10082,431
9973,3,424,97,100,100,9854,357
10420,7,436,89,78,100,11091,450
10244,2,433,91,78,100,10445,459
10282,0,362,92,78,100,10719,469
4246,0,428,82,60,78,4832,197
5089,0,357,88,60,95,5759,254
12228,3,383,93,78,100,12470,420
6820,0,383,93,78,100,8889,418
6799,3,569,85,60,100,8354,384
2611,0,410,81,43,100,3990,223
5482,0,384,69,25,100,6596,329
4734,1,357,69,25,100,5825,271
8464,0,288,72,25,100,10408,336
4146,0,389,68,25,100,5303,247
5633,0,472,66,25,100,6709,317
4157,0,268,68,25,100,5687,303
3683,1,458,65,25,100,4947,269
3295,0,390,56,1,100,4540,255
4187,0,328,57,1,100,5273,247
3747,0,227,57,1,100,4932,261
6139,1,350,68,43,100,6522,278
9627,3,387,75,60,100,10103,414
4137,0,382,79,60,100,5029,249
70,0,24,78,60,100,102,4
15724,0,450,98,100,100,16948,515
13571,4,524,97,100,100,14245,405
18172,3,393,98,100,100,20882,496
12559,2,600,91,100,95,14580,373
19872,4,258,93,100,100,20591,519
16391,14,391,91,100,100,20104,473
12163,0,508,85,100,100,14981,443
15645,3,495,72,100,100,16833,405
13585,1,505,73,100,95,15351,434
17476,11,356,73,100,95,19217,436
22337,16,354,74,100,95,24845,521
14255,1,322,75,100,100,19178,429
13208,1,423,73,100,100,15259,425
13022,1,572,70,100,95,14906,420
13858,3,487,71,100,78,16414,442
13150,8,497,72,100,100,13220,376
16653,6,381,73,100,100,16676,479
11904,4,565,71,100,95,11368,316
14875,3,364,74,100,100,17293,541
10448,12,598,80,100,95,9904,346
10397,0,505,81,100,100,11159,372
10927,1,513,81,100,100,11487,402
11966,1,444,74,100,100,14386,385
8331,1,532,80,100,95,10963,374
11737,6,544,79,100,78,11376,339
12595,13,496,71,100,100,13409,403
9766,1,587,76,100,60,9286,345
19346,0,340,75,100,100,21870,600
2489,0,664,78,100,95,3545,205
5927,2,603,93,95,95,7501,331
2435,0,698,87,78,100,3594,214
15742,1,456,92,78,95,19241,472
11175,1,413,93,78,100,12444,382
16638,2,457,92,78,95,18102,505
8215,0,646,78,60,78,9243,297
11718,2,513,90,95,100,11586,349
4971,0,658,84,95,95,6172,274
10659,0,308,98,95,100,13308,493
6471,0,399,97,95,100,7976,319
4661,0,481,91,78,95,5580,262
7113,0,120,88,60,100,6995,196
19715,2,310,96,100,100,24054,499
18063,2,404,98,95,100,21867,488
11699,0,405,98,95,100,15869,276
12284,0,467,93,100,95,15010,320
11974,0,474,73,100,95,14746,358
10470,0,432,77,100,100,13353,277
13935,8,362,99,100,100,15243,380
18875,5,297,99,100,100,22530,461
16205,10,448,96,95,95,18425,402
15665,12,489,95,95,95,18383,374
6763,0,416,97,95,95,7762,256
11531,0,642,94,100,95,14624,358
14616,2,330,99,100,100,17407,424
19475,5,378,96,100,100,22793,481
9234,5,395,93,100,95,10896,387
21009,1,310,100,100,100,24479,527
9022,5,386,99,100,100,11340,238
21995,18,291,99,100,100,23562,539
13059,0,344,96,100,100,15089,373
11215,0,383,93,100,95,13133,323
14467,0,455,75,100,100,16780,437
10555,1,407,74,100,100,13133,319
12851,0,473,73,100,100,15736,422
4584,0,579,80,100,95,5789,250
12673,0,327,99,100,100,16037,397
18221,8,442,97,100,95,21616,450
10612,0,551,93,100,100,13419,313
8108,0,326,94,100,100,9882,214
10128,2,408,90,100,100,11188,288
14300,0,539,74,100,95,17375,387
9193,0,376,83,100,95,11413,259
10417,0,181,85,100,100,12663,284
14656,0,342,75,100,100,17220,383
9791,2,405,84,100,100,11558,267
14210,0,443,73,100,95,17992,411
10233,13,349,84,100,95,12059,268
12749,0,659,68,100,78,16027,384
20279,22,394,74,100,100,23755,411
14156,0,469,72,100,95,17462,451
17539,2,278,75,100,100,19810,439
10729,0,341,75,100,100,13370,300
8366,0,426,82,100,100,10213,275
14712,1,427,98,100,100,19360,392
10366,0,230,100,100,100,12935,255
484,0,243,98,100,95,13847,33
7090,0,572,92,100,95,8693,251
12483,0,202,100,100,100,16016,331
14368,0,309,100,100,100,17619,329
8676,1,712,92,100,95,10206,300
14563,9,349,100,100,100,17362,386
14934,13,331,99,100,100,17049,393
21031,9,461,95,100,78,23270,539
13899,0,610,89,100,78,16724,391
18154,8,326,77,100,100,21173,456
9510,3,510,89,100,100,11002,293
20649,1,404,77,100,100,24918,592
19928,15,329,77,100,100,20461,549
15564,0,307,75,100,100,18148,766
14371,0,249,75,100,100,16867,594
18370,0,352,75,100,100,22889,591
11857,0,613,91,100,100,14529,248
10714,5,364,93,100,100,12568,362
9942,19,452,89,100,100,11342,342
10595,0,351,84,100,100,12815,315
6775,0,405,83,100,95,8841,218
10830,3,507,72,100,100,13226,241
9333,0,521,71,100,95,10552,224
7474,0,437,83,100,100,9502,265
8039,0,395,83,100,95,10190,222
10545,0,464,73,100,100,13264,325
9751,1,379,74,100,100,11525,291
8024,1,583,79,100,95,10051,176
11661,1,334,74,100,95,13736,265
9563,1,453,72,100,95,12133,223
8600,1,412,74,100,100,11111,197
11460,0,425,74,100,100,13785,272
9805,2,414,73,100,95,11954,198
8761,1,502,81,100,100,10704,240
8336,0,608,77,100,78,10648,223
6216,1,605,78,100,95,6992,128
7464,0,367,83,100,95,9673,159
11355,0,390,74,100,100,14733,300
11536,0,384,74,100,95,13924,239
7674,0,377,84,100,100,9872,183
8629,2,437,82,100,95,10617,207
9091,0,449,73,100,95,12333,310
10020,0,400,74,100,100,12358,326
8274,3,371,82,100,78,10598,205
5338,2,737,73,100,60,6780,222
11069,0,355,99,100,100,12944,327
12726,0,454,96,100,100,16314,326
14625,0,220,96,100,100,18229,454
10871,2,374,93,100,100,12400,415
12052,1,350,90,100,100,14417,572
11027,0,348,78,100,100,12864,393
12038,0,387,76,100,100,14586,296
10373,1,607,70,100,95,12734,287
12165,0,576,69,100,78,14912,310
3154,0,538,81,100,95,3950,156
9405,0,371,98,100,95,11418,230
11902,1,286,99,100,100,14887,250
8596,0,420,98,100,100,9916,216
14264,1,458,94,100,95,16889,306
11093,2,525,90,100,100,13604,261
10614,1,299,79,100,100,12793,232
8844,0,413,85,100,100,10485,220
16607,3,320,74,100,95,19421,306
13098,0,508,72,100,95,16207,356
11439,1,412,74,100,100,14211,306
13017,2,241,75,100,100,16172,434
13995,0,333,75,100,100,17068,502
9341,1,335,84,100,100,11219,461
4430,0,442,96,95,100,5363,189
4626,0,449,90,78,100,5561,209
11364,6,511,90,78,95,14700,241
7088,2,525,90,78,100,8336,185
11532,0,512,86,95,100,15037,256
12565,1,303,79,100,100,15706,312
3658,2,614,79,100,78,4401,164
8533,1,511,81,100,100,10806,223
8864,3,343,84,100,100,11346,183
11628,1,513,72,100,100,14803,243
8930,2,398,83,100,100,11533,216
8724,2,583,80,100,100,10765,215
8223,2,453,82,100,100,10539,200
13467,1,427,74,100,100,17196,269
8781,0,508,82,100,100,10791,172
11614,1,477,73,100,100,14643,293
3712,0,421,83,100,100,4921,214
12648,5,425,99,100,100,15162,292
6764,2,605,95,100,100,9023,280
7936,0,541,95,100,95,9664,237
12699,0,519,92,100,95,16210,373
6300,0,595,90,100,100,7815,248
6783,0,426,98,100,100,8281,330
5807,0,579,95,100,100,7299,218
3706,0,579,93,100,78,4613,174
5618,2,506,95,95,95,7009,222
10917,9,467,97,100,95,13223,263
7250,0,473,97,100,100,8578,180
8379,1,439,97,100,100,10074,243
9228,0,406,95,100,100,11260,237
11366,0,533,89,100,100,14007,314
8235,2,515,88,100,100,10721,226
10228,2,396,77,100,95,12298,277
10869,0,446,75,100,100,13448,304
8823,3,363,75,100,100,11007,232
11607,7,420,74,100,100,14526,312
3355,0,635,75,100,60,4312,173
3588,1,634,93,95,95,4730,202
9555,0,392,98,95,100,12292,237
5953,0,360,97,95,100,7687,230
9234,0,545,90,95,95,11605,236
1443,0,516,85,78,100,1895,92
25418,71,217,99,95,100,18828,358
16060,31,341,98,95,100,14806,348
29184,79,326,98,95,100,20251,319
21480,66,262,96,100,100,17011,262
5501,7,446,91,95,100,5696,232
14558,35,448,96,95,100,12284,282
11826,31,489,97,100,100,10345,291
11724,0,347,75,100,100,13210,304
14295,10,326,96,100,100,15507,327
10332,1,279,94,100,100,11950,252
11543,7,301,91,100,100,13237,259
10103,0,149,79,100,100,11881,230
15302,10,369,76,100,100,15891,361
14263,7,333,75,100,100,15832,352
17142,50,425,74,100,100,13891,316
14389,46,368,74,100,100,11426,224
12619,49,295,75,100,100,10087,207
20600,23,346,74,100,100,22478,419
11682,9,407,74,100,100,12940,291
14551,5,267,75,100,100,16594,359
9557,4,526,81,100,95,10142,336
20670,75,354,99,100,100,17006,317
15060,19,286,100,100,100,17037,308
28627,54,313,99,100,100,27847,637
15870,18,250,96,100,100,17301,320
17869,42,370,93,100,100,15821,388
5599,3,441,90,100,100,6098,231
10567,6,370,99,100,100,11585,261
19604,44,307,99,100,100,19036,329
17050,59,264,99,100,100,11324,217
28250,65,398,95,100,100,27251,415
12313,26,396,93,100,100,11819,293
38344,99,400,99,100,100,32186,545
19814,21,293,100,100,100,21206,394
23705,73,358,98,100,95,21277,389
15357,43,327,95,100,95,12266,235
15230,54,60,93,100,100,9509,130
10254,11,449,96,95,100,12144,273
10451,12,495,91,78,100,11831,324
13399,10,493,92,78,100,16267,484
11495,8,594,95,95,100,13269,427
10849,6,399,98,95,100,12288,381
12083,10,508,96,95,100,13796,417
11779,6,535,97,100,100,14272,447
9757,13,563,94,100,78,11262,247
13634,12,372,99,100,100,16191,333
11432,9,580,71,100,100,13082,395
12703,10,473,72,100,95,14001,465
11952,8,638,69,100,95,13674,399
10060,5,590,80,100,100,11805,363
10767,6,509,97,100,95,12530,406
10980,9,487,97,100,95,12851,277
12760,11,557,96,100,95,15270,286
13101,12,490,96,100,100,14220,437
13994,8,473,94,100,100,15558,484
13537,11,431,93,100,100,15095,464
12130,6,551,87,100,100,13851,434
11475,7,480,76,100,100,12668,460
17003,7,499,74,100,100,18306,392
9246,6,671,67,100,78,10800,224
11995,4,498,96,100,100,13740,456
10496,10,464,98,100,100,12051,353
13950,7,487,97,100,100,15719,495
11220,10,566,96,100,100,12776,412
9767,7,668,92,100,78,11529,285
8983,9,585,95,100,95,10185,226
13061,11,575,96,100,100,14453,460
12715,4,435,99,100,100,15116,489
24756,10,337,99,100,100,26419,652
24046,10,353,96,100,100,27188,614
12109,10,533,88,100,78,13418,312
11051,10,552,87,100,100,12990,297
10084,9,481,84,100,78,11295,273
13331,9,557,95,100,95,15629,459
9208,8,71,96,100,100,10063,229
25671,8,256,96,100,100,26385,619
3446,0,827,76,95,25,4295,158
12792,0,516,94,95,78,13739,407
3342,0,697,92,95,95,4136,178
4893,1,896,80,78,60,5394,200
13903,0,405,92,78,100,14241,452
11994,0,451,89,78,95,13084,501
6691,1,739,83,78,60,6345,189
24110,36,416,93,78,100,24228,520
5330,0,785,82,78,60,5685,214
5781,1,735,83,78,60,6723,187
17584,3,392,98,95,100,19268,500
18404,8,382,97,95,95,19211,521
3221,0,703,83,78,60,3837,151
20010,3,283,98,95,100,21271,562
31415,8,187,98,95,95,29684,608
6076,1,817,79,78,43,7000,199
13594,0,401,98,95,100,14451,454
20113,1,402,96,95,95,20641,507
19084,6,412,96,95,95,19148,434
24163,8,455,94,100,100,24648,562
14195,4,528,86,100,60,14343,379
5786,1,750,82,95,95,6300,233
14541,2,432,92,100,43,15034,442
4559,1,813,84,95,43,5461,173
3125,0,823,77,78,25,3935,177
24617,6,308,93,78,95,25711,642
3800,2,588,82,60,78,4277,164
22114,5,367,88,60,95,21989,584
21687,2,213,94,78,100,21904,498
32486,4,181,94,78,100,33289,856
30194,3,174,95,95,100,30090,795
42405,6,89,94,100,100,41193,916
17739,2,245,90,100,95,18462,502
8503,1,648,82,100,95,10131,355
20053,2,272,100,100,100,21108,481
28214,8,294,99,100,100,28797,628
18118,5,305,96,100,78,18495,434
14812,6,433,95,100,100,15105,427
2895,0,715,90,95,78,3491,177
18020,2,221,98,95,100,19119,546
21464,1,324,98,95,100,22316,570
26040,5,256,97,95,95,25690,616
18808,1,355,95,95,100,19612,482
22603,2,319,91,100,100,23444,579
25096,6,315,78,100,100,26056,599
7762,1,634,81,100,100,8952,268
2471,1,754,90,100,78,2866,149
15606,6,431,95,100,78,15757,414
2472,1,782,88,95,78,3202,141
4698,3,759,84,78,78,5150,222
16474,1,343,91,78,78,17154,429
3464,0,804,77,60,60,3884,179
12858,0,315,86,60,95,14678,445
13555,3,493,89,78,78,13622,413
2889,0,795,78,60,78,3386,170
4555,2,727,82,60,100,5017,214
14482,10,487,89,78,78,15669,363
4328,4,820,76,60,60,4598,176
2974,2,717,78,60,60,3394,136
21312,2,482,83,60,60,22266,494
2560,1,719,76,43,100,3282,155
3863,3,735,72,43,78,4453,175
4411,1,780,61,25,43,4972,190
11057,1,518,78,43,95,11878,394
5135,4,578,70,25,100,5752,207
3178,0,778,66,25,95,3852,156
1554,0,69,65,25,100,1500,68
